policy_file_id,document_version_id,record_id,source_local_path,archive_relative_path,content_type,sha256_expected,sha256_actual,size_bytes,archive_status,checked_at
FILE_874BFC089043FF63AF74,MOCK_VERSION_1,,data/work/mock/1.html,,text/html,mock-00000001,,,missing_source_file,2026-07-23T04:08:29.955283+00:00
FILE_86BCEDAB6E1EBA9A45C8,MOCK_VERSION_2,,data/work/mock/2.html,,text/html,mock-00000002,,,missing_source_file,2026-07-23T04:08:29.955283+00:00
FILE_DAC1E2BFE9199DD3B92C,MOCK_VERSION_3,,data/work/mock/3.html,,text/html,mock-00000003,,,missing_source_file,2026-07-23T04:08:29.955283+00:00
FILE_DF96A9F6A40CBC815C1D,MOCK_VERSION_4,,data/work/mock/4.html,,text/html,mock-00000004,,,missing_source_file,2026-07-23T04:08:29.955283+00:00
FILE_66D1A9B4B43AACD1A9B3,MOCK_VERSION_5,,data/work/mock/5.html,,text/html,mock-00000005,,,missing_source_file,2026-07-23T04:08:29.955283+00:00
FILE_95E54B888243BA341E44,MOCK_VERSION_6,,data/work/mock/6.html,,text/html,mock-00000006,,,missing_source_file,2026-07-23T04:08:29.955283+00:00
FILE_FB8AB4702B25AB01DD0A,MOCK_VERSION_7,,data/work/mock/7.html,,text/html,mock-00000007,,,missing_source_file,2026-07-23T04:08:29.955283+00:00
FILE_C5F6E27F6B27FBEFF8BB,MOCK_VERSION_8,,data/work/mock/8.html,,text/html,mock-00000008,,,missing_source_file,2026-07-23T04:08:29.955283+00:00
FILE_F4E6A3025246E55E5487,MOCK_VERSION_9,,data/work/mock/9.html,,text/html,mock-00000009,,,missing_source_file,2026-07-23T04:08:29.955283+00:00
FILE_E0E9A731B1D81315BA5A,MOCK_VERSION_10,,data/work/mock/10.html,,text/html,mock-00000010,,,missing_source_file,2026-07-23T04:08:29.955283+00:00
FILE_F0F88B74983FB2EB17D9,MOCK_VERSION_11,,data/work/mock/11.html,,text/html,mock-00000011,,,missing_source_file,2026-07-23T04:08:29.955283+00:00
FILE_413A2D9F83586A41202C,MOCK_VERSION_12,,data/work/mock/12.html,,text/html,mock-00000012,,,missing_source_file,2026-07-23T04:08:29.955283+00:00
FILE_0BA8C7A2895A8FCD076D,MOCK_VERSION_13,,data/work/mock/13.html,,text/html,mock-00000013,,,missing_source_file,2026-07-23T04:08:29.955283+00:00
FILE_71AF770D097023918C27,MOCK_VERSION_14,,data/work/mock/14.html,,text/html,mock-00000014,,,missing_source_file,2026-07-23T04:08:29.955283+00:00
FILE_90A06FF53A2215417D5E,MOCK_VERSION_15,,data/work/mock/15.html,,text/html,mock-00000015,,,missing_source_file,2026-07-23T04:08:29.955283+00:00
FILE_A523DF6F980F3613D154,MOCK_VERSION_16,,data/work/mock/16.html,,text/html,mock-00000016,,,missing_source_file,2026-07-23T04:08:29.955283+00:00
FILE_B14D9B1C5D4A4700A38D,MOCK_VERSION_17,,data/work/mock/17.html,,text/html,mock-00000017,,,missing_source_file,2026-07-23T04:08:29.955283+00:00
FILE_631A5488CF5E30726DBF,MOCK_VERSION_18,,data/work/mock/18.html,,text/html,mock-00000018,,,missing_source_file,2026-07-23T04:08:29.955283+00:00
FILE_5AE7F4D9DD1B0672DCDB,MOCK_VERSION_19,,data/work/mock/19.html,,text/html,mock-00000019,,,missing_source_file,2026-07-23T04:08:29.955283+00:00
FILE_F2A93A4A6ADCCF34C86F,MOCK_VERSION_20,,data/work/mock/20.html,,text/html,mock-00000020,,,missing_source_file,2026-07-23T04:08:29.955283+00:00
FILE_B35CCE6D56A926BF5275,MOCK_VERSION_21,,data/work/mock/21.html,,text/html,mock-00000021,,,missing_source_file,2026-07-23T04:08:29.955283+00:00
FILE_AAFBC36CA44749B752BE,MOCK_VERSION_22,,data/work/mock/22.html,,text/html,mock-00000022,,,missing_source_file,2026-07-23T04:08:29.955283+00:00
FILE_2750404A95CC52C3D6D8,MOCK_VERSION_23,,data/work/mock/23.html,,text/html,mock-00000023,,,missing_source_file,2026-07-23T04:08:29.955283+00:00
FILE_146F8A12AD09C45A4CCC,MOCK_VERSION_24,,data/work/mock/24.html,,text/html,mock-00000024,,,missing_source_file,2026-07-23T04:08:29.955283+00:00
FILE_75CC3A49BB00E3BF5C72,MOCK_VERSION_25,,data/work/mock/25.html,,text/html,mock-00000025,,,missing_source_file,2026-07-23T04:08:29.955283+00:00
FILE_6993644D1785A4BAFA20,MOCK_VERSION_26,,data/work/mock/26.html,,text/html,mock-00000026,,,missing_source_file,2026-07-23T04:08:29.955283+00:00
FILE_996BD03399AE5FC6A294,MOCK_VERSION_27,,data/work/mock/27.html,,text/html,mock-00000027,,,missing_source_file,2026-07-23T04:08:29.955283+00:00
FILE_795B3A959E90477F8930,MOCK_VERSION_28,,data/work/mock/28.html,,text/html,mock-00000028,,,missing_source_file,2026-07-23T04:08:29.955283+00:00
FILE_89D2A55A2662CA3A2A47,MOCK_VERSION_29,,data/work/mock/29.html,,text/html,mock-00000029,,,missing_source_file,2026-07-23T04:08:29.955283+00:00
FILE_EC609276F7F12A9FDF9E,MOCK_VERSION_30,,data/work/mock/30.html,,text/html,mock-00000030,,,missing_source_file,2026-07-23T04:08:29.955283+00:00
FILE_BD229012CA8979442B8D,MOCK_VERSION_31,,data/work/mock/31.html,,text/html,mock-00000031,,,missing_source_file,2026-07-23T04:08:29.955283+00:00
FILE_1971EF7BB726A2615482,MOCK_VERSION_32,,data/work/mock/32.html,,text/html,mock-00000032,,,missing_source_file,2026-07-23T04:08:29.955283+00:00
FILE_28413ABBE9B67E1EE417,MOCK_VERSION_33,,data/work/mock/33.html,,text/html,mock-00000033,,,missing_source_file,2026-07-23T04:08:29.955283+00:00
FILE_A4E3DB5290C8318EC99A,MOCK_VERSION_34,,data/work/mock/34.html,,text/html,mock-00000034,,,missing_source_file,2026-07-23T04:08:29.955283+00:00
FILE_54BA5DC400BC47FECA41,MOCK_VERSION_35,,data/work/mock/35.html,,text/html,mock-00000035,,,missing_source_file,2026-07-23T04:08:29.955283+00:00
FILE_736D966EE2F46F909486,MOCK_VERSION_36,,data/work/mock/36.html,,text/html,mock-00000036,,,missing_source_file,2026-07-23T04:08:29.955283+00:00
FILE_59C6056E9708493DF8C0,MOCK_VERSION_37,,data/work/mock/37.html,,text/html,mock-00000037,,,missing_source_file,2026-07-23T04:08:29.955283+00:00
FILE_59E2824C3CFC57A00783,MOCK_VERSION_38,,data/work/mock/38.html,,text/html,mock-00000038,,,missing_source_file,2026-07-23T04:08:29.955283+00:00
FILE_FFB019C89500D39252C9,MOCK_VERSION_39,,data/work/mock/39.html,,text/html,mock-00000039,,,missing_source_file,2026-07-23T04:08:29.955283+00:00
FILE_9B96A7703FCF10E067F9,MOCK_VERSION_40,,data/work/mock/40.html,,text/html,mock-00000040,,,missing_source_file,2026-07-23T04:08:29.955283+00:00
FILE_0EE8D36E8824F84ABD4B,MOCK_VERSION_41,,data/work/mock/41.html,,text/html,mock-00000041,,,missing_source_file,2026-07-23T04:08:29.955283+00:00
FILE_0795C4A325568E48C800,MOCK_VERSION_42,,data/work/mock/42.html,,text/html,mock-00000042,,,missing_source_file,2026-07-23T04:08:29.955283+00:00
FILE_D848BF976C98C1EC2FCB,MOCK_VERSION_43,,data/work/mock/43.html,,text/html,mock-00000043,,,missing_source_file,2026-07-23T04:08:29.955283+00:00
FILE_4812763CEAEBD6D80B33,MOCK_VERSION_44,,data/work/mock/44.html,,text/html,mock-00000044,,,missing_source_file,2026-07-23T04:08:29.955283+00:00
FILE_E61F471B04704B460231,MOCK_VERSION_45,,data/work/mock/45.html,,text/html,mock-00000045,,,missing_source_file,2026-07-23T04:08:29.955283+00:00
FILE_94D3CFAD24FFB0CA358A,MOCK_VERSION_46,,data/work/mock/46.html,,text/html,mock-00000046,,,missing_source_file,2026-07-23T04:08:29.955283+00:00
FILE_ED5450CDF7D6D52C8EE4,MOCK_VERSION_47,,data/work/mock/47.html,,text/html,mock-00000047,,,missing_source_file,2026-07-23T04:08:29.955283+00:00
FILE_EBE6886A6B665B706FD4,MOCK_VERSION_48,,data/work/mock/48.html,,text/html,mock-00000048,,,missing_source_file,2026-07-23T04:08:29.955283+00:00
FILE_306951205CB78B2B8F4E,MOCK_VERSION_49,,data/work/mock/49.html,,text/html,mock-00000049,,,missing_source_file,2026-07-23T04:08:29.955283+00:00
FILE_27AE5F252F80A9774E58,MOCK_VERSION_50,,data/work/mock/50.html,,text/html,mock-00000050,,,missing_source_file,2026-07-23T04:08:29.955283+00:00
FILE_CD2487880E7D9806E4F3,MOCK_VERSION_51,,data/work/mock/51.html,,text/html,mock-00000051,,,missing_source_file,2026-07-23T04:08:29.955283+00:00
FILE_29DD69299903CDB20096,MOCK_VERSION_52,,data/work/mock/52.html,,text/html,mock-00000052,,,missing_source_file,2026-07-23T04:08:29.955283+00:00
FILE_A99AE1FA7A3A113F383F,MOCK_VERSION_53,,data/work/mock/53.html,,text/html,mock-00000053,,,missing_source_file,2026-07-23T04:08:29.955283+00:00
FILE_FB48BF6E832CE878A69A,MOCK_VERSION_54,,data/work/mock/54.html,,text/html,mock-00000054,,,missing_source_file,2026-07-23T04:08:29.955283+00:00
FILE_2D4FB05139415331F6EE,MOCK_VERSION_55,,data/work/mock/55.html,,text/html,mock-00000055,,,missing_source_file,2026-07-23T04:08:29.955283+00:00
FILE_F0A926884103572ED9D2,MOCK_VERSION_56,,data/work/mock/56.html,,text/html,mock-00000056,,,missing_source_file,2026-07-23T04:08:29.955283+00:00
FILE_F9EE27929FDC6B6F8B9A,MOCK_VERSION_57,,data/work/mock/57.html,,text/html,mock-00000057,,,missing_source_file,2026-07-23T04:08:29.955283+00:00
FILE_ABF14A003160040EABB8,MOCK_VERSION_58,,data/work/mock/58.html,,text/html,mock-00000058,,,missing_source_file,2026-07-23T04:08:29.955283+00:00
FILE_0C729BABA5458CA8C1D3,MOCK_VERSION_59,,data/work/mock/59.html,,text/html,mock-00000059,,,missing_source_file,2026-07-23T04:08:29.955283+00:00
FILE_9227310EBCAAF46B4E36,MOCK_VERSION_60,,data/work/mock/60.html,,text/html,mock-00000060,,,missing_source_file,2026-07-23T04:08:29.955283+00:00
FILE_7C7D7C638AF6400F778F,MOCK_VERSION_61,,data/work/mock/61.html,,text/html,mock-00000061,,,missing_source_file,2026-07-23T04:08:29.955283+00:00
FILE_702ECDB26B917ACD5C16,MOCK_VERSION_62,,data/work/mock/62.html,,text/html,mock-00000062,,,missing_source_file,2026-07-23T04:08:29.955283+00:00
FILE_410A4F0AD08001A2577F,MOCK_VERSION_63,,data/work/mock/63.html,,text/html,mock-00000063,,,missing_source_file,2026-07-23T04:08:29.955283+00:00
FILE_F21FC1BD81B699618533,MOCK_VERSION_64,,data/work/mock/64.html,,text/html,mock-00000064,,,missing_source_file,2026-07-23T04:08:29.955283+00:00
FILE_EAABD9B066969E229498,MOCK_VERSION_65,,data/work/mock/65.html,,text/html,mock-00000065,,,missing_source_file,2026-07-23T04:08:29.955283+00:00
FILE_54BF2422182D8596B175,MOCK_VERSION_66,,data/work/mock/66.html,,text/html,mock-00000066,,,missing_source_file,2026-07-23T04:08:29.955283+00:00
FILE_0160F7D6C5FCB6F1523A,MOCK_VERSION_67,,data/work/mock/67.html,,text/html,mock-00000067,,,missing_source_file,2026-07-23T04:08:29.955283+00:00
FILE_7F8F7246EF43DEBBE7FE,MOCK_VERSION_68,,data/work/mock/68.html,,text/html,mock-00000068,,,missing_source_file,2026-07-23T04:08:29.955283+00:00
FILE_A9466E8B215DE2E7E772,MOCK_VERSION_69,,data/work/mock/69.html,,text/html,mock-00000069,,,missing_source_file,2026-07-23T04:08:29.955283+00:00
FILE_27B612461EEF02C823EE,MOCK_VERSION_70,,data/work/mock/70.html,,text/html,mock-00000070,,,missing_source_file,2026-07-23T04:08:29.955283+00:00
FILE_67F69F353CE3617E81E2,MOCK_VERSION_71,,data/work/mock/71.html,,text/html,mock-00000071,,,missing_source_file,2026-07-23T04:08:29.955283+00:00
FILE_C1C849C538551C592926,MOCK_VERSION_72,,data/work/mock/72.html,,text/html,mock-00000072,,,missing_source_file,2026-07-23T04:08:29.955283+00:00
FILE_6ABCADCF9D4A060AA616,MOCK_VERSION_73,,data/work/mock/73.html,,text/html,mock-00000073,,,missing_source_file,2026-07-23T04:08:29.955283+00:00
FILE_45A4494D33E3D099F3B4,MOCK_VERSION_74,,data/work/mock/74.html,,text/html,mock-00000074,,,missing_source_file,2026-07-23T04:08:29.955283+00:00
FILE_FE8EDF459B64B50163FD,MOCK_VERSION_75,,data/work/mock/75.html,,text/html,mock-00000075,,,missing_source_file,2026-07-23T04:08:29.955283+00:00
FILE_2094D136D8DF530BB1BA,MOCK_VERSION_76,,data/work/mock/76.html,,text/html,mock-00000076,,,missing_source_file,2026-07-23T04:08:29.955283+00:00
FILE_1C84D803E50F11B30EE0,MOCK_VERSION_77,,data/work/mock/77.html,,text/html,mock-00000077,,,missing_source_file,2026-07-23T04:08:29.955283+00:00
FILE_2D3AA434CFE7328E5759,MOCK_VERSION_78,,data/work/mock/78.html,,text/html,mock-00000078,,,missing_source_file,2026-07-23T04:08:29.955283+00:00
FILE_2F41F1BAD26B5BE327A0,MOCK_VERSION_79,,data/work/mock/79.html,,text/html,mock-00000079,,,missing_source_file,2026-07-23T04:08:29.955283+00:00
FILE_03CBF53468E4630D58E2,MOCK_VERSION_80,,data/work/mock/80.html,,text/html,mock-00000080,,,missing_source_file,2026-07-23T04:08:29.955283+00:00
FILE_1B55DBCBA38AB66193BE,MOCK_VERSION_81,,data/work/mock/81.html,,text/html,mock-00000081,,,missing_source_file,2026-07-23T04:08:29.955283+00:00
FILE_C2079BE7747657875DD3,MOCK_VERSION_82,,data/work/mock/82.html,,text/html,mock-00000082,,,missing_source_file,2026-07-23T04:08:29.955283+00:00
FILE_07CED6335D73F7AFB891,MOCK_VERSION_83,,data/work/mock/83.html,,text/html,mock-00000083,,,missing_source_file,2026-07-23T04:08:29.955283+00:00
FILE_6FA232B8CAF92D340CF6,MOCK_VERSION_84,,data/work/mock/84.html,,text/html,mock-00000084,,,missing_source_file,2026-07-23T04:08:29.955283+00:00
FILE_AC391D95C1742462E52B,MOCK_VERSION_85,,data/work/mock/85.html,,text/html,mock-00000085,,,missing_source_file,2026-07-23T04:08:29.955283+00:00
FILE_AB7515DAE2BCDD7753E9,MOCK_VERSION_86,,data/work/mock/86.html,,text/html,mock-00000086,,,missing_source_file,2026-07-23T04:08:29.955283+00:00
FILE_AC7BB868262ED27AEA11,MOCK_VERSION_87,,data/work/mock/87.html,,text/html,mock-00000087,,,missing_source_file,2026-07-23T04:08:29.955283+00:00
FILE_0FDE54F6F9746AAADD58,MOCK_VERSION_88,,data/work/mock/88.html,,text/html,mock-00000088,,,missing_source_file,2026-07-23T04:08:29.955283+00:00
FILE_AC12811870CFF6D2A39E,MOCK_VERSION_89,,data/work/mock/89.html,,text/html,mock-00000089,,,missing_source_file,2026-07-23T04:08:29.955283+00:00
FILE_34187EE7B2A69120794E,MOCK_VERSION_90,,data/work/mock/90.html,,text/html,mock-00000090,,,missing_source_file,2026-07-23T04:08:29.955283+00:00
FILE_3362593FE4E3C6955E7F,MOCK_VERSION_91,,data/work/mock/91.html,,text/html,mock-00000091,,,missing_source_file,2026-07-23T04:08:29.955283+00:00
FILE_7F5429C9E47AC36B678B,MOCK_VERSION_92,,data/work/mock/92.html,,text/html,mock-00000092,,,missing_source_file,2026-07-23T04:08:29.955283+00:00
FILE_45DCB1F74B44FBD31888,MOCK_VERSION_93,,data/work/mock/93.html,,text/html,mock-00000093,,,missing_source_file,2026-07-23T04:08:29.955283+00:00
FILE_1B6A23DB0015E6E0B273,MOCK_VERSION_94,,data/work/mock/94.html,,text/html,mock-00000094,,,missing_source_file,2026-07-23T04:08:29.955283+00:00
FILE_6E748C4E6937146A110B,MOCK_VERSION_95,,data/work/mock/95.html,,text/html,mock-00000095,,,missing_source_file,2026-07-23T04:08:29.955283+00:00
FILE_4DE3872C9A9D02D74382,MOCK_VERSION_96,,data/work/mock/96.html,,text/html,mock-00000096,,,missing_source_file,2026-07-23T04:08:29.955283+00:00
FILE_2B8BE0806B108E0D0C78,MOCK_VERSION_97,,data/work/mock/97.html,,text/html,mock-00000097,,,missing_source_file,2026-07-23T04:08:29.955283+00:00
FILE_EB483424D91D2224D87D,MOCK_VERSION_98,,data/work/mock/98.html,,text/html,mock-00000098,,,missing_source_file,2026-07-23T04:08:29.955283+00:00
FILE_F05172A0EAD9D1E6AB6A,MOCK_VERSION_99,,data/work/mock/99.html,,text/html,mock-00000099,,,missing_source_file,2026-07-23T04:08:29.955283+00:00
FILE_8378DA4A2E1244BA61B3,MOCK_VERSION_100,,data/work/mock/100.html,,text/html,mock-00000100,,,missing_source_file,2026-07-23T04:08:29.955283+00:00
FILE_28A4D391419CCBE16C82,DOCVER_7D605FEB5A2A735B695C,,data\raw\webpages\2026\07\1547bed6e2837e28b3bc53d85e7ae8a801a27a2f8581ba1c98dd15b696617d9b.html,raw/html/15/1547bed6e2837e28b3bc53d85e7ae8a801a27a2f8581ba1c98dd15b696617d9b.html,text/html; charset=utf-8,1547bed6e2837e28b3bc53d85e7ae8a801a27a2f8581ba1c98dd15b696617d9b,1547bed6e2837e28b3bc53d85e7ae8a801a27a2f8581ba1c98dd15b696617d9b,104141,archived,2026-07-23T04:08:29.955283+00:00
FILE_DE1D19477C4489AC7A91,DOCVER_D5066A21E2B1807C5BF2,,data\raw\webpages\2026\07\fc6c888ca5efee6640629c26a70032ddd08e3332c09f008c25beb4f724208af9.html,raw/html/fc/fc6c888ca5efee6640629c26a70032ddd08e3332c09f008c25beb4f724208af9.html,text/html,fc6c888ca5efee6640629c26a70032ddd08e3332c09f008c25beb4f724208af9,fc6c888ca5efee6640629c26a70032ddd08e3332c09f008c25beb4f724208af9,916555,archived,2026-07-23T04:08:29.955283+00:00
FILE_DA741C74EB960560776A,DOCVER_FA18F37E01822008D4D2,,data\raw\webpages\2026\07\45b31dbbc228bd5f4dae20a158a46bec341aa85f6c6d15e5e71b3f5d1186f4e0.html,raw/html/45/45b31dbbc228bd5f4dae20a158a46bec341aa85f6c6d15e5e71b3f5d1186f4e0.html,text/html,45b31dbbc228bd5f4dae20a158a46bec341aa85f6c6d15e5e71b3f5d1186f4e0,45b31dbbc228bd5f4dae20a158a46bec341aa85f6c6d15e5e71b3f5d1186f4e0,49027,archived,2026-07-23T04:08:29.955283+00:00
FILE_EB741ACF69350DC6A770,DOCVER_8877C34FA24FA6460B75,,data\raw\webpages\2026\07\d1bfa55cd575e0abe4ca2ab0832ccdd3d345accd6ed1a4b421bc7d5be6790c21.html,raw/html/d1/d1bfa55cd575e0abe4ca2ab0832ccdd3d345accd6ed1a4b421bc7d5be6790c21.html,text/html,d1bfa55cd575e0abe4ca2ab0832ccdd3d345accd6ed1a4b421bc7d5be6790c21,d1bfa55cd575e0abe4ca2ab0832ccdd3d345accd6ed1a4b421bc7d5be6790c21,27787,archived,2026-07-23T04:08:29.955283+00:00
FILE_C23DB962036146406542,DOCVER_F38738B9E9519BA22366,,data\raw\webpages\2026\07\4d0349bbd4c0a42c5beca0ad9d2201ad26c07d380df16a79fb664b713a79a120.html,raw/html/4d/4d0349bbd4c0a42c5beca0ad9d2201ad26c07d380df16a79fb664b713a79a120.html,text/html; charset=utf-8,4d0349bbd4c0a42c5beca0ad9d2201ad26c07d380df16a79fb664b713a79a120,4d0349bbd4c0a42c5beca0ad9d2201ad26c07d380df16a79fb664b713a79a120,48207,archived,2026-07-23T04:08:29.955283+00:00
FILE_2800BAD60F48B31C13FB,DOCVER_D518B277E4717DE04B56,,data\raw\webpages\2026\07\9f1f31224cbf321df56e79df556cfb0b11ca86e8c246fc511a284dcfa5760df4.html,raw/html/9f/9f1f31224cbf321df56e79df556cfb0b11ca86e8c246fc511a284dcfa5760df4.html,text/html;charset=UTF-8,9f1f31224cbf321df56e79df556cfb0b11ca86e8c246fc511a284dcfa5760df4,9f1f31224cbf321df56e79df556cfb0b11ca86e8c246fc511a284dcfa5760df4,15300,archived,2026-07-23T04:08:29.955283+00:00
FILE_CE71E23B7155D1C9EA24,DOCVER_6D0F2D5593F7F3098BBA,,data\raw\documents\2026\07\c14dae12741cc6325280cc1b22f1ff5a3834b0535eb522426f09103feb654d3b.pdf,raw/pdf/c1/c14dae12741cc6325280cc1b22f1ff5a3834b0535eb522426f09103feb654d3b.pdf,application/pdf,c14dae12741cc6325280cc1b22f1ff5a3834b0535eb522426f09103feb654d3b,c14dae12741cc6325280cc1b22f1ff5a3834b0535eb522426f09103feb654d3b,1211890,archived,2026-07-23T04:08:29.955283+00:00
FILE_D7BE67A1560D9BBE0A7D,DOCVER_9926AC2B3D095F5722BE,,data\raw\webpages\2026\07\1c2888f12fcf5ad09d726305789ed62ff448187a21b04e456fe53a0715e1494d.html,raw/html/1c/1c2888f12fcf5ad09d726305789ed62ff448187a21b04e456fe53a0715e1494d.html,text/html; charset=utf-8,1c2888f12fcf5ad09d726305789ed62ff448187a21b04e456fe53a0715e1494d,1c2888f12fcf5ad09d726305789ed62ff448187a21b04e456fe53a0715e1494d,31478,archived,2026-07-23T04:08:29.955283+00:00
FILE_4986D188E20FBAAC866D,DOCVER_0E55172903033D48CF68,,data\raw\webpages\2026\07\6a5023efd6f827225859b85cbfbb2c06c4514265d2c248e1e3a0c51124b02343.html,raw/html/6a/6a5023efd6f827225859b85cbfbb2c06c4514265d2c248e1e3a0c51124b02343.html,text/html; charset=utf-8,6a5023efd6f827225859b85cbfbb2c06c4514265d2c248e1e3a0c51124b02343,6a5023efd6f827225859b85cbfbb2c06c4514265d2c248e1e3a0c51124b02343,27646,archived,2026-07-23T04:08:29.955283+00:00
FILE_D42C4349CD8446520313,DOCVER_1B18EE1A257CBC7AA6DC,,data\raw\webpages\2026\07\a78eb2979f354ed50880ad517afa12cb126fd36fd4483fe3681e0a3d4e59ac10.html,raw/html/a7/a78eb2979f354ed50880ad517afa12cb126fd36fd4483fe3681e0a3d4e59ac10.html,text/html; charset=utf-8,a78eb2979f354ed50880ad517afa12cb126fd36fd4483fe3681e0a3d4e59ac10,a78eb2979f354ed50880ad517afa12cb126fd36fd4483fe3681e0a3d4e59ac10,35229,archived,2026-07-23T04:08:29.955283+00:00
FILE_05B0D12E12541C724B76,DOCVER_5F243468EDCD0928671E,,data\raw\webpages\2026\07\ae57e218eed007183afb3a967bcb707852eb716804ac81b28f1306193561bc2b.html,raw/html/ae/ae57e218eed007183afb3a967bcb707852eb716804ac81b28f1306193561bc2b.html,text/html; charset=utf-8,ae57e218eed007183afb3a967bcb707852eb716804ac81b28f1306193561bc2b,ae57e218eed007183afb3a967bcb707852eb716804ac81b28f1306193561bc2b,27545,archived,2026-07-23T04:08:29.955283+00:00
FILE_101F61D05B136DE020C1,DOCVER_BF56F033FE57990A7E6A,,data\raw\webpages\2026\07\648ad12c74f937286b680c6e3c70f83c3e9311ccc4d4588b25bb571b4460e46b.html,raw/html/64/648ad12c74f937286b680c6e3c70f83c3e9311ccc4d4588b25bb571b4460e46b.html,text/html; charset=utf-8,648ad12c74f937286b680c6e3c70f83c3e9311ccc4d4588b25bb571b4460e46b,648ad12c74f937286b680c6e3c70f83c3e9311ccc4d4588b25bb571b4460e46b,44737,archived,2026-07-23T04:08:29.955283+00:00
FILE_B229BC90624C5E4BCF3B,DOCVER_BA9E40739D1FF5EDDB31,,data\raw\webpages\2026\07\9c7e41ce94e5ff6556fdcd78d29ad86fe6cdcea3dd388197b3846e6710d840a8.html,raw/html/9c/9c7e41ce94e5ff6556fdcd78d29ad86fe6cdcea3dd388197b3846e6710d840a8.html,text/html; charset=utf-8,9c7e41ce94e5ff6556fdcd78d29ad86fe6cdcea3dd388197b3846e6710d840a8,9c7e41ce94e5ff6556fdcd78d29ad86fe6cdcea3dd388197b3846e6710d840a8,36422,archived,2026-07-23T04:08:29.955283+00:00
FILE_06655523642129D6881B,DOCVER_D331833EF8F7E7A39609,,data\raw\webpages\2026\07\5fc3da3d43553c21521e6fddcbb5770409e4ba6faa1e2e4d60125ae22338f85c.html,raw/html/5f/5fc3da3d43553c21521e6fddcbb5770409e4ba6faa1e2e4d60125ae22338f85c.html,text/html; charset=utf-8,5fc3da3d43553c21521e6fddcbb5770409e4ba6faa1e2e4d60125ae22338f85c,5fc3da3d43553c21521e6fddcbb5770409e4ba6faa1e2e4d60125ae22338f85c,26289,archived,2026-07-23T04:08:29.955283+00:00
FILE_85F124BC87046CB4D293,DOCVER_90C9166A1E042D175EA9,,data\raw\documents\2026\07\796224c97cfbe500c7521a8c2d5b76e8beaf8aaafaafd3e5ae9a098fa6058825.doc,raw/attachments/79/796224c97cfbe500c7521a8c2d5b76e8beaf8aaafaafd3e5ae9a098fa6058825.doc,application/msword,796224c97cfbe500c7521a8c2d5b76e8beaf8aaafaafd3e5ae9a098fa6058825,796224c97cfbe500c7521a8c2d5b76e8beaf8aaafaafd3e5ae9a098fa6058825,62464,archived,2026-07-23T04:08:29.955283+00:00
FILE_4D87B874A23438CF3DA6,DOCVER_F1B663675FE0D11D3EAE,,data\raw\documents\2026\07\78fba54042389ca098c82c6d12eaee4b35aa8e405476c15212eb43724fcdc7ec.docx,raw/attachments/78/78fba54042389ca098c82c6d12eaee4b35aa8e405476c15212eb43724fcdc7ec.docx,application/vnd.openxmlformats-officedocument.wordprocessingml.document,78fba54042389ca098c82c6d12eaee4b35aa8e405476c15212eb43724fcdc7ec,78fba54042389ca098c82c6d12eaee4b35aa8e405476c15212eb43724fcdc7ec,22978,archived,2026-07-23T04:08:29.955283+00:00
FILE_93AD00EF40FDDE2F100F,DOCVER_0E7088356CAA7A24F0D8,,data\raw\webpages\2026\07\10d991207569d657f68191912d3302f07c2d3b3ec07a360ce2cca40e4217d181.html,raw/html/10/10d991207569d657f68191912d3302f07c2d3b3ec07a360ce2cca40e4217d181.html,text/html; charset=utf-8,10d991207569d657f68191912d3302f07c2d3b3ec07a360ce2cca40e4217d181,10d991207569d657f68191912d3302f07c2d3b3ec07a360ce2cca40e4217d181,26309,archived,2026-07-23T04:08:29.955283+00:00
FILE_C53C983210069DD23050,DOCVER_BFC766D56ECC33BACEA2,,data\raw\documents\2026\07\799c4e513307a8bfe4d05a04a5643ac24991974d5220f5dc29d1e15b1b6c4a97.doc,raw/attachments/79/799c4e513307a8bfe4d05a04a5643ac24991974d5220f5dc29d1e15b1b6c4a97.doc,application/msword,799c4e513307a8bfe4d05a04a5643ac24991974d5220f5dc29d1e15b1b6c4a97,799c4e513307a8bfe4d05a04a5643ac24991974d5220f5dc29d1e15b1b6c4a97,266240,archived,2026-07-23T04:08:29.955283+00:00
FILE_B6B4395DB930323F0AB8,DOCVER_AA6B71B7E83FDFF3AD1E,,data\raw\documents\2026\07\b0b3ce8bbd3606533dab2791d47045a8e6c612c1d360c376eb0a5257d3becb79.doc,raw/attachments/b0/b0b3ce8bbd3606533dab2791d47045a8e6c612c1d360c376eb0a5257d3becb79.doc,application/msword,b0b3ce8bbd3606533dab2791d47045a8e6c612c1d360c376eb0a5257d3becb79,b0b3ce8bbd3606533dab2791d47045a8e6c612c1d360c376eb0a5257d3becb79,251904,archived,2026-07-23T04:08:29.955283+00:00
FILE_0F93395A16F3D9A3FB8C,DOCVER_ED49A529ACADE2812E0B,,data\raw\documents\2026\07\3172fd2f52c4f3872094a2d05cec517a5396b37efcdd6e3f8db94ce7918b4cbe.doc,raw/attachments/31/3172fd2f52c4f3872094a2d05cec517a5396b37efcdd6e3f8db94ce7918b4cbe.doc,application/msword,3172fd2f52c4f3872094a2d05cec517a5396b37efcdd6e3f8db94ce7918b4cbe,3172fd2f52c4f3872094a2d05cec517a5396b37efcdd6e3f8db94ce7918b4cbe,20992,archived,2026-07-23T04:08:29.955283+00:00
FILE_6625E1DC439C02BE60D7,DOCVER_9467D90365C4562C9C8B,,data\raw\webpages\2026\07\86a617b1c23c3786c78f074709af4870c829360f177a314a394d6cadd7e4eeab.html,raw/html/86/86a617b1c23c3786c78f074709af4870c829360f177a314a394d6cadd7e4eeab.html,text/html; charset=utf-8,86a617b1c23c3786c78f074709af4870c829360f177a314a394d6cadd7e4eeab,86a617b1c23c3786c78f074709af4870c829360f177a314a394d6cadd7e4eeab,26898,archived,2026-07-23T04:08:29.955283+00:00
FILE_0065700D7F75726F06FC,DOCVER_2B2821D1D4FDAE9DBED4,,data\raw\documents\2026\07\b30f76103af4ec11fde4c94c0e5e16701c9e93d443360599caf6abbfda8f9307.pdf,raw/pdf/b3/b30f76103af4ec11fde4c94c0e5e16701c9e93d443360599caf6abbfda8f9307.pdf,application/pdf,b30f76103af4ec11fde4c94c0e5e16701c9e93d443360599caf6abbfda8f9307,b30f76103af4ec11fde4c94c0e5e16701c9e93d443360599caf6abbfda8f9307,272554,archived,2026-07-23T04:08:29.955283+00:00
FILE_8AFE25CD61C1A131DF07,DOCVER_D77AE6E912307B766653,,data\raw\webpages\2026\07\e43313d1fa1f43491d91d51e4942cbc0a0455213c17a7a8c0dca1772dfd2435f.html,raw/html/e4/e43313d1fa1f43491d91d51e4942cbc0a0455213c17a7a8c0dca1772dfd2435f.html,text/html; charset=utf-8,e43313d1fa1f43491d91d51e4942cbc0a0455213c17a7a8c0dca1772dfd2435f,e43313d1fa1f43491d91d51e4942cbc0a0455213c17a7a8c0dca1772dfd2435f,27562,archived,2026-07-23T04:08:29.955283+00:00
FILE_35729D15B1C2B305E098,DOCVER_9AD749B99936C65CEE78,,data\raw\webpages\2026\07\7b983115a660b1e9256daddc90b67cf3b4650c6bec204b8d40a561459d13d20b.html,raw/html/7b/7b983115a660b1e9256daddc90b67cf3b4650c6bec204b8d40a561459d13d20b.html,text/html; charset=utf-8,7b983115a660b1e9256daddc90b67cf3b4650c6bec204b8d40a561459d13d20b,7b983115a660b1e9256daddc90b67cf3b4650c6bec204b8d40a561459d13d20b,38171,archived,2026-07-23T04:08:29.955283+00:00
FILE_7C0D8B53D0FF18000F68,DOCVER_2039670B87272D089756,,data\raw\documents\2026\07\c6f5b5dde07f03824e3ab410a833f793e9c4cbe142d5cc88690b11a050f39bd3.pdf,raw/pdf/c6/c6f5b5dde07f03824e3ab410a833f793e9c4cbe142d5cc88690b11a050f39bd3.pdf,application/pdf,c6f5b5dde07f03824e3ab410a833f793e9c4cbe142d5cc88690b11a050f39bd3,c6f5b5dde07f03824e3ab410a833f793e9c4cbe142d5cc88690b11a050f39bd3,1229185,archived,2026-07-23T04:08:29.955283+00:00
FILE_6C75A54C34F81E284AB2,DOCVER_1AF68E6A2E8FE50C861D,,data\raw\webpages\2026\07\3def2ea50712613cdaeeaee27e9ecdb2e5df747141c33a6b632ce5476685cf74.html,raw/html/3d/3def2ea50712613cdaeeaee27e9ecdb2e5df747141c33a6b632ce5476685cf74.html,text/html; charset=utf-8,3def2ea50712613cdaeeaee27e9ecdb2e5df747141c33a6b632ce5476685cf74,3def2ea50712613cdaeeaee27e9ecdb2e5df747141c33a6b632ce5476685cf74,86379,archived,2026-07-23T04:08:29.955283+00:00
FILE_3B068B9DF72A600BBEC1,DOCVER_C857B51E3FAA3A2847E7,,data\raw\webpages\2026\07\b528153fd1f3caa2c157d41513cc21b31c6944d80d186aa772781ba39399ed41.html,raw/html/b5/b528153fd1f3caa2c157d41513cc21b31c6944d80d186aa772781ba39399ed41.html,text/html; charset=utf-8,b528153fd1f3caa2c157d41513cc21b31c6944d80d186aa772781ba39399ed41,b528153fd1f3caa2c157d41513cc21b31c6944d80d186aa772781ba39399ed41,26770,archived,2026-07-23T04:08:29.955283+00:00
FILE_7DC7A883AF4ABC256A59,DOCVER_592AF65E7EED7960BFF5,,data\raw\documents\2026\07\60c7c22bd3edb26ba50898e1d50bd3682969889c2b64c9a9535ff2107b7e78a2.pdf,raw/pdf/60/60c7c22bd3edb26ba50898e1d50bd3682969889c2b64c9a9535ff2107b7e78a2.pdf,application/pdf,60c7c22bd3edb26ba50898e1d50bd3682969889c2b64c9a9535ff2107b7e78a2,60c7c22bd3edb26ba50898e1d50bd3682969889c2b64c9a9535ff2107b7e78a2,309146,archived,2026-07-23T04:08:29.955283+00:00
FILE_666148184CD487231883,DOCVER_151B77988B1120072E42,,data\raw\webpages\2026\07\91c5a8028892d77452a5327dfed0c71162e018b3af060bf67bbedcfc1a22c06b.html,raw/html/91/91c5a8028892d77452a5327dfed0c71162e018b3af060bf67bbedcfc1a22c06b.html,text/html,91c5a8028892d77452a5327dfed0c71162e018b3af060bf67bbedcfc1a22c06b,91c5a8028892d77452a5327dfed0c71162e018b3af060bf67bbedcfc1a22c06b,24035,archived,2026-07-23T04:08:29.955283+00:00
FILE_A1D8BF278D883C211761,DOCVER_45734F793B41DBB01964,,data\raw\webpages\2026\07\3ef1fe0a12a16d9403609021f6ea6aa41cae8f18ad65a25fce8756b7a2830053.html,raw/html/3e/3ef1fe0a12a16d9403609021f6ea6aa41cae8f18ad65a25fce8756b7a2830053.html,text/html,3ef1fe0a12a16d9403609021f6ea6aa41cae8f18ad65a25fce8756b7a2830053,3ef1fe0a12a16d9403609021f6ea6aa41cae8f18ad65a25fce8756b7a2830053,29845,archived,2026-07-23T04:08:29.955283+00:00
FILE_C948160AE5EC7DB9AA89,DOCVER_BA206BC07AC217C82B5D,,data\raw\webpages\2026\07\91c5a8028892d77452a5327dfed0c71162e018b3af060bf67bbedcfc1a22c06b.html,raw/html/91/91c5a8028892d77452a5327dfed0c71162e018b3af060bf67bbedcfc1a22c06b.html,text/html,91c5a8028892d77452a5327dfed0c71162e018b3af060bf67bbedcfc1a22c06b,91c5a8028892d77452a5327dfed0c71162e018b3af060bf67bbedcfc1a22c06b,24035,archived,2026-07-23T04:08:29.955283+00:00
FILE_2CBFDBFE358FA5B9DB4A,DOCVER_CF9D16F7317875100B6E,,data\raw\webpages\2026\07\abecb87bd1be04aacb6785ac4ee5db567f3ea9953ae3a004054161a9740bde97.html,raw/html/ab/abecb87bd1be04aacb6785ac4ee5db567f3ea9953ae3a004054161a9740bde97.html,text/html,abecb87bd1be04aacb6785ac4ee5db567f3ea9953ae3a004054161a9740bde97,abecb87bd1be04aacb6785ac4ee5db567f3ea9953ae3a004054161a9740bde97,83813,archived,2026-07-23T04:08:29.955283+00:00
FILE_B607B5BF89EC601A9813,DOCVER_510DB8D9E179BB2603F3,,data\raw\webpages\2026\07\124faf39ff753dc172dcf7a609554d7f41c1f80433f41843f723627e0cdc7798.html,raw/html/12/124faf39ff753dc172dcf7a609554d7f41c1f80433f41843f723627e0cdc7798.html,text/html,124faf39ff753dc172dcf7a609554d7f41c1f80433f41843f723627e0cdc7798,124faf39ff753dc172dcf7a609554d7f41c1f80433f41843f723627e0cdc7798,22032,archived,2026-07-23T04:08:29.955283+00:00
FILE_DDD764F2859B42E8EAF8,DOCVER_D4DFCBA0AEA39AC8990A,,data\raw\documents\2026\07\28b9549a0b599a1ffd88517e44c20fb0fa97cfb7df1e2962f175427bce2a25e8.docx,raw/attachments/28/28b9549a0b599a1ffd88517e44c20fb0fa97cfb7df1e2962f175427bce2a25e8.docx,application/vnd.openxmlformats-officedocument.wordprocessingml.document,28b9549a0b599a1ffd88517e44c20fb0fa97cfb7df1e2962f175427bce2a25e8,28b9549a0b599a1ffd88517e44c20fb0fa97cfb7df1e2962f175427bce2a25e8,22522,archived,2026-07-23T04:08:29.955283+00:00
FILE_1A04301E23A996B8BB8A,DOCVER_E6F7B58D47DF603343E8,,data\raw\webpages\2026\07\176b02af95ff6b1cc89e6f6f1ecb677a4b0d98d483ec3b0d3612c8b3f0204755.html,raw/html/17/176b02af95ff6b1cc89e6f6f1ecb677a4b0d98d483ec3b0d3612c8b3f0204755.html,text/html,176b02af95ff6b1cc89e6f6f1ecb677a4b0d98d483ec3b0d3612c8b3f0204755,176b02af95ff6b1cc89e6f6f1ecb677a4b0d98d483ec3b0d3612c8b3f0204755,741,archived,2026-07-23T04:08:29.955283+00:00
FILE_9805E578F6444DDDCE23,DOCVER_9E9EFD0DE0879DAD6DAC,,data\raw\webpages\2026\07\8ea91975c96427a9a383fe8015f8d9bec9f038110664f673feeffcdca9cf5a71.html,raw/html/8e/8ea91975c96427a9a383fe8015f8d9bec9f038110664f673feeffcdca9cf5a71.html,text/html,8ea91975c96427a9a383fe8015f8d9bec9f038110664f673feeffcdca9cf5a71,8ea91975c96427a9a383fe8015f8d9bec9f038110664f673feeffcdca9cf5a71,741,archived,2026-07-23T04:08:29.955283+00:00
FILE_1998CE5E03EAA6D86591,DOCVER_7209EB0D9377658D9E7C,,data\raw\webpages\2026\07\4c4d70d534b02654e539cca5332fb68ce3166df9b370a0fbe5fab9a0ec11792d.html,raw/html/4c/4c4d70d534b02654e539cca5332fb68ce3166df9b370a0fbe5fab9a0ec11792d.html,text/html,4c4d70d534b02654e539cca5332fb68ce3166df9b370a0fbe5fab9a0ec11792d,4c4d70d534b02654e539cca5332fb68ce3166df9b370a0fbe5fab9a0ec11792d,44012,archived,2026-07-23T04:08:29.955283+00:00
FILE_5E61EA4517620BB93F27,DOCVER_443FB1CF5B83333A666E,,data\raw\webpages\2026\07\538d0a38adf5350e46d1dd938892089f20840aa1858d26a247b6ef8ace42d9be.html,raw/html/53/538d0a38adf5350e46d1dd938892089f20840aa1858d26a247b6ef8ace42d9be.html,text/html,538d0a38adf5350e46d1dd938892089f20840aa1858d26a247b6ef8ace42d9be,538d0a38adf5350e46d1dd938892089f20840aa1858d26a247b6ef8ace42d9be,41084,archived,2026-07-23T04:08:29.955283+00:00
FILE_410A3EFB0C7EB9FF30C7,DOCVER_08474AF1B822F45FA7BE,,data\raw\webpages\2026\07\e912181b7dc003fb0e5b52a9555b77e7b062a6a1dedfe7ba72eb4b755a802256.html,raw/html/e9/e912181b7dc003fb0e5b52a9555b77e7b062a6a1dedfe7ba72eb4b755a802256.html,text/html,e912181b7dc003fb0e5b52a9555b77e7b062a6a1dedfe7ba72eb4b755a802256,e912181b7dc003fb0e5b52a9555b77e7b062a6a1dedfe7ba72eb4b755a802256,80402,archived,2026-07-23T04:08:29.955283+00:00
FILE_D3ECD58F4035D7395C76,DOCVER_DF6E208D524AE26AC1D7,,data\raw\webpages\2026\07\237b88b37c18a2acb757d19421ba83e85347f2c5cd600b4449a59aa8cea90d99.html,raw/html/23/237b88b37c18a2acb757d19421ba83e85347f2c5cd600b4449a59aa8cea90d99.html,text/html,237b88b37c18a2acb757d19421ba83e85347f2c5cd600b4449a59aa8cea90d99,237b88b37c18a2acb757d19421ba83e85347f2c5cd600b4449a59aa8cea90d99,9669,archived,2026-07-23T04:08:29.955283+00:00
FILE_75DCF8DAC33310EC6352,DOCVER_F90E0F2A1FE3C2797D08,,data\raw\documents\2026\07\d5bcd1183b99f15b92a20641f43079c654d01a503528e5e789273e38f1187e72.pdf,raw/pdf/d5/d5bcd1183b99f15b92a20641f43079c654d01a503528e5e789273e38f1187e72.pdf,application/pdf,d5bcd1183b99f15b92a20641f43079c654d01a503528e5e789273e38f1187e72,d5bcd1183b99f15b92a20641f43079c654d01a503528e5e789273e38f1187e72,710396,archived,2026-07-23T04:08:29.955283+00:00
FILE_1D5C345EC5693BD2663C,DOCVER_8D2DCCAE5AA0D9EF3EC9,,data\raw\webpages\2026\07\dc1a811bb9669748f98f8cd772f1b5ec9a244e146253474df0b77bb87ee6cc0e.html,raw/html/dc/dc1a811bb9669748f98f8cd772f1b5ec9a244e146253474df0b77bb87ee6cc0e.html,text/html,dc1a811bb9669748f98f8cd772f1b5ec9a244e146253474df0b77bb87ee6cc0e,dc1a811bb9669748f98f8cd772f1b5ec9a244e146253474df0b77bb87ee6cc0e,21831,archived,2026-07-23T04:08:29.955283+00:00
FILE_5212BB3DDA13227CD8CE,DOCVER_0B1B1FD6ABC987D60A32,,data\raw\webpages\2026\07\1f7ad8061216e6aec149970ced00ea145e64e00e02eaa391720102acadead6f9.html,raw/html/1f/1f7ad8061216e6aec149970ced00ea145e64e00e02eaa391720102acadead6f9.html,text/html;charset=utf-8,1f7ad8061216e6aec149970ced00ea145e64e00e02eaa391720102acadead6f9,1f7ad8061216e6aec149970ced00ea145e64e00e02eaa391720102acadead6f9,24396,archived,2026-07-23T04:08:29.955283+00:00
FILE_A3FDA1E6620B12C27443,DOCVER_A37008A0A60C7B9A901D,,data\raw\documents\2026\07\6d48ef6a4f6594f057d87d3e2d5b88bb040daeb719b02b7e60831617d66aedad.cn,raw/html/6d/6d48ef6a4f6594f057d87d3e2d5b88bb040daeb719b02b7e60831617d66aedad.cn,text/html;charset=utf-8,6d48ef6a4f6594f057d87d3e2d5b88bb040daeb719b02b7e60831617d66aedad,6d48ef6a4f6594f057d87d3e2d5b88bb040daeb719b02b7e60831617d66aedad,96795,archived,2026-07-23T04:08:29.955283+00:00
FILE_18AF306576BB9FB0B1F8,DOCVER_3DFA6F0FF9687A2AADC7,,data\raw\documents\2026\07\6d48ef6a4f6594f057d87d3e2d5b88bb040daeb719b02b7e60831617d66aedad.cn,raw/html/6d/6d48ef6a4f6594f057d87d3e2d5b88bb040daeb719b02b7e60831617d66aedad.cn,text/html;charset=utf-8,6d48ef6a4f6594f057d87d3e2d5b88bb040daeb719b02b7e60831617d66aedad,6d48ef6a4f6594f057d87d3e2d5b88bb040daeb719b02b7e60831617d66aedad,96795,archived,2026-07-23T04:08:29.955283+00:00
FILE_A41452FAB8844C04A583,DOCVER_9D7A4310530339FDF4C6,,data\raw\webpages\2026\07\f9795c2d1fbe25e8dc1ad13bdca56c0e469c07b201a5f3c28e5d0b30726b0cad.html,raw/html/f9/f9795c2d1fbe25e8dc1ad13bdca56c0e469c07b201a5f3c28e5d0b30726b0cad.html,text/html;charset=utf-8,f9795c2d1fbe25e8dc1ad13bdca56c0e469c07b201a5f3c28e5d0b30726b0cad,f9795c2d1fbe25e8dc1ad13bdca56c0e469c07b201a5f3c28e5d0b30726b0cad,22957,archived,2026-07-23T04:08:29.955283+00:00
FILE_A3C34A22D2120434D8A3,DOCVER_3A41C0D25FC7B5CC3D2D,,data\raw\webpages\2026\07\37205d8522604e6080a675597ba9bb36c4fea228d9c472d95916a8dc3a535a7b.html,raw/html/37/37205d8522604e6080a675597ba9bb36c4fea228d9c472d95916a8dc3a535a7b.html,text/html;charset=utf-8,37205d8522604e6080a675597ba9bb36c4fea228d9c472d95916a8dc3a535a7b,37205d8522604e6080a675597ba9bb36c4fea228d9c472d95916a8dc3a535a7b,19284,archived,2026-07-23T04:08:29.955283+00:00
FILE_4D5C12F65DE07ECC5016,DOCVER_7847F81D27727921BB1C,,data\raw\webpages\2026\07\ee23c6b958423390629fe0966f84b25d4087a6bab426f152ad8fe1702be0c569.html,raw/html/ee/ee23c6b958423390629fe0966f84b25d4087a6bab426f152ad8fe1702be0c569.html,text/html;charset=utf-8,ee23c6b958423390629fe0966f84b25d4087a6bab426f152ad8fe1702be0c569,ee23c6b958423390629fe0966f84b25d4087a6bab426f152ad8fe1702be0c569,24676,archived,2026-07-23T04:08:29.955283+00:00
FILE_F24F6B7DE79F184AE473,DOCVER_68C648AE5AA72D8A2FB1,,data\raw\webpages\2026\07\6d48ef6a4f6594f057d87d3e2d5b88bb040daeb719b02b7e60831617d66aedad.html,raw/html/6d/6d48ef6a4f6594f057d87d3e2d5b88bb040daeb719b02b7e60831617d66aedad.html,text/html;charset=utf-8,6d48ef6a4f6594f057d87d3e2d5b88bb040daeb719b02b7e60831617d66aedad,6d48ef6a4f6594f057d87d3e2d5b88bb040daeb719b02b7e60831617d66aedad,96795,archived,2026-07-23T04:08:29.955283+00:00
FILE_BD8B5D4F6142E91F27F0,DOCVER_D559D9BF5D4E18F712A0,,data\raw\webpages\2026\07\6d48ef6a4f6594f057d87d3e2d5b88bb040daeb719b02b7e60831617d66aedad.html,raw/html/6d/6d48ef6a4f6594f057d87d3e2d5b88bb040daeb719b02b7e60831617d66aedad.html,text/html;charset=utf-8,6d48ef6a4f6594f057d87d3e2d5b88bb040daeb719b02b7e60831617d66aedad,6d48ef6a4f6594f057d87d3e2d5b88bb040daeb719b02b7e60831617d66aedad,96795,archived,2026-07-23T04:08:29.955283+00:00
FILE_2D8035B8F552F0ECAF31,DOCVER_7F4D8AF655DC24774431,,data\raw\webpages\2026\07\434e39eef438953dad80f3b8ca00507acef697668d82cdcc54cd056c25b8bef5.html,raw/html/43/434e39eef438953dad80f3b8ca00507acef697668d82cdcc54cd056c25b8bef5.html,text/html;charset=utf-8,434e39eef438953dad80f3b8ca00507acef697668d82cdcc54cd056c25b8bef5,434e39eef438953dad80f3b8ca00507acef697668d82cdcc54cd056c25b8bef5,22155,archived,2026-07-23T04:08:29.955283+00:00
FILE_C90FE41F54E96E1727D5,DOCVER_C43E424ED5D4DA346043,,data\raw\webpages\2026\07\6d48ef6a4f6594f057d87d3e2d5b88bb040daeb719b02b7e60831617d66aedad.html,raw/html/6d/6d48ef6a4f6594f057d87d3e2d5b88bb040daeb719b02b7e60831617d66aedad.html,text/html;charset=utf-8,6d48ef6a4f6594f057d87d3e2d5b88bb040daeb719b02b7e60831617d66aedad,6d48ef6a4f6594f057d87d3e2d5b88bb040daeb719b02b7e60831617d66aedad,96795,archived,2026-07-23T04:08:29.955283+00:00
FILE_0495ABC324EC7F055E98,DOCVER_065250FF719AE2380CFE,,data\raw\webpages\2026\07\63c9592c0c4d325cb3e61989a1b385dac5f48a4aa830e669bd201103e647b637.html,raw/html/63/63c9592c0c4d325cb3e61989a1b385dac5f48a4aa830e669bd201103e647b637.html,text/html;charset=utf-8,63c9592c0c4d325cb3e61989a1b385dac5f48a4aa830e669bd201103e647b637,63c9592c0c4d325cb3e61989a1b385dac5f48a4aa830e669bd201103e647b637,20096,archived,2026-07-23T04:08:29.955283+00:00
FILE_73EB4998ACB66AA478F1,DOCVER_D3CDBD3D735C81107A0E,,data\raw\webpages\2026\07\dca6ed22c3a27c72a64bd573ff2ca2258f6cb0d78ba103f176af028bd748da6b.html,raw/html/dc/dca6ed22c3a27c72a64bd573ff2ca2258f6cb0d78ba103f176af028bd748da6b.html,text/html;charset=GBK,dca6ed22c3a27c72a64bd573ff2ca2258f6cb0d78ba103f176af028bd748da6b,dca6ed22c3a27c72a64bd573ff2ca2258f6cb0d78ba103f176af028bd748da6b,22130,archived,2026-07-23T04:08:29.955283+00:00
FILE_57F98D926B76366F552E,DOCVER_719A63E148AFD1CC17D3,,data\raw\webpages\2026\07\36b752a90868deca8c5ad2a007bb259584fa3f88bc03d82859d845a3814ad159.html,raw/html/36/36b752a90868deca8c5ad2a007bb259584fa3f88bc03d82859d845a3814ad159.html,text/html; charset=utf-8,36b752a90868deca8c5ad2a007bb259584fa3f88bc03d82859d845a3814ad159,36b752a90868deca8c5ad2a007bb259584fa3f88bc03d82859d845a3814ad159,13194,archived,2026-07-23T04:08:29.955283+00:00
FILE_5A0ED9D32E07A59E0A1A,DOCVER_466194CFBA1C7D46E6F7,,data\raw\webpages\2026\07\cb168cb2547f1454e888e3906aa475f8d5af6752c617b3f7453ee931cc17302e.html,raw/html/cb/cb168cb2547f1454e888e3906aa475f8d5af6752c617b3f7453ee931cc17302e.html,text/html; charset=utf-8,cb168cb2547f1454e888e3906aa475f8d5af6752c617b3f7453ee931cc17302e,cb168cb2547f1454e888e3906aa475f8d5af6752c617b3f7453ee931cc17302e,13030,archived,2026-07-23T04:08:29.955283+00:00
FILE_C8180E4C43B77EA7D95E,DOCVER_883524E0BCBD6D0E4D2F,,data\raw\webpages\2026\07\4d7470a4b6ff5b1502bdbf55f2c530da619e132dfcf099f66b6615dd48334a13.html,raw/html/4d/4d7470a4b6ff5b1502bdbf55f2c530da619e132dfcf099f66b6615dd48334a13.html,text/html; charset=utf-8,4d7470a4b6ff5b1502bdbf55f2c530da619e132dfcf099f66b6615dd48334a13,4d7470a4b6ff5b1502bdbf55f2c530da619e132dfcf099f66b6615dd48334a13,13105,archived,2026-07-23T04:08:29.955283+00:00
FILE_96AA3B5D16BB666FC760,DOCVER_0D7BDFD0FAD8C3462D13,,data\raw\webpages\2026\07\e3c13f6b970da287c7e2e8f09df185daa5b26245d4d8f22e56f353f3d5ecff9b.html,raw/html/e3/e3c13f6b970da287c7e2e8f09df185daa5b26245d4d8f22e56f353f3d5ecff9b.html,text/html; charset=utf-8,e3c13f6b970da287c7e2e8f09df185daa5b26245d4d8f22e56f353f3d5ecff9b,e3c13f6b970da287c7e2e8f09df185daa5b26245d4d8f22e56f353f3d5ecff9b,13388,archived,2026-07-23T04:08:29.955283+00:00
FILE_37E89EC13710C35F0889,DOCVER_1FD1180D14F858F2BB2D,,data\raw\webpages\2026\07\6d29a343ad8e8b7a9682cd20c5b58f88d063979fef7d4a4c353245ec20c4bdca.html,raw/html/6d/6d29a343ad8e8b7a9682cd20c5b58f88d063979fef7d4a4c353245ec20c4bdca.html,text/html; charset=utf-8,6d29a343ad8e8b7a9682cd20c5b58f88d063979fef7d4a4c353245ec20c4bdca,6d29a343ad8e8b7a9682cd20c5b58f88d063979fef7d4a4c353245ec20c4bdca,12560,archived,2026-07-23T04:08:29.955283+00:00
FILE_320958E1794BF6E4911C,DOCVER_F8E79B358A7E8303771F,,data\raw\webpages\2026\07\2ad7b079c62cbb51a330572df1e879ea410f2fd9c18d413bfb605c35e35d6758.html,raw/html/2a/2ad7b079c62cbb51a330572df1e879ea410f2fd9c18d413bfb605c35e35d6758.html,text/html; charset=utf-8,2ad7b079c62cbb51a330572df1e879ea410f2fd9c18d413bfb605c35e35d6758,2ad7b079c62cbb51a330572df1e879ea410f2fd9c18d413bfb605c35e35d6758,10797,archived,2026-07-23T04:08:29.955283+00:00
FILE_88E7EBBE5039FDDDC639,DOCVER_A4D54DDB9FFF234452F5,,data\raw\webpages\2026\07\72fcd1cbf26fb2aa482c08fe1ae4f049bac741c237eaf476cbeebaa844dfb6b7.html,raw/html/72/72fcd1cbf26fb2aa482c08fe1ae4f049bac741c237eaf476cbeebaa844dfb6b7.html,text/html; charset=utf-8,72fcd1cbf26fb2aa482c08fe1ae4f049bac741c237eaf476cbeebaa844dfb6b7,72fcd1cbf26fb2aa482c08fe1ae4f049bac741c237eaf476cbeebaa844dfb6b7,12831,archived,2026-07-23T04:08:29.955283+00:00
FILE_D18DE2C3643B03580DB4,DOCVER_2FBAB65F93E64738BC5A,,data\raw\webpages\2026\07\1c9e8e591318810039f6384ff31ac692cd9ef7f472a00de2c735c3798c70c90f.html,raw/html/1c/1c9e8e591318810039f6384ff31ac692cd9ef7f472a00de2c735c3798c70c90f.html,text/html; charset=utf-8,1c9e8e591318810039f6384ff31ac692cd9ef7f472a00de2c735c3798c70c90f,1c9e8e591318810039f6384ff31ac692cd9ef7f472a00de2c735c3798c70c90f,34868,archived,2026-07-23T04:08:29.955283+00:00
FILE_61A9C48A1F2B18379D62,DOCVER_B204113680B9BDE406ED,,data\raw\webpages\2026\07\35207570c98d830d614d138469b12f5ba91f010683ab871ea780a4eb7687890a.html,raw/html/35/35207570c98d830d614d138469b12f5ba91f010683ab871ea780a4eb7687890a.html,text/html; charset=utf-8,35207570c98d830d614d138469b12f5ba91f010683ab871ea780a4eb7687890a,35207570c98d830d614d138469b12f5ba91f010683ab871ea780a4eb7687890a,7810,archived,2026-07-23T04:08:29.955283+00:00
FILE_6A83F1FA210CF87A8496,DOCVER_79DABF3900DF8820BB72,,data\raw\webpages\2026\07\0e06d8395139672a895f9e19433981fa8053d9c9a3bcd5ab0b647aa8b8258053.html,raw/html/0e/0e06d8395139672a895f9e19433981fa8053d9c9a3bcd5ab0b647aa8b8258053.html,text/html; charset=utf-8,0e06d8395139672a895f9e19433981fa8053d9c9a3bcd5ab0b647aa8b8258053,0e06d8395139672a895f9e19433981fa8053d9c9a3bcd5ab0b647aa8b8258053,10538,archived,2026-07-23T04:08:29.955283+00:00
FILE_1DB7B17DBAB893FE3390,DOCVER_9AB90EFD7E5EB23C44D7,,data\raw\documents\2026\07\bceaba0b7daca8566dbf3a897c0b504fe7a526de81dbcb5af784d0676b64e806.pdf,raw/pdf/bc/bceaba0b7daca8566dbf3a897c0b504fe7a526de81dbcb5af784d0676b64e806.pdf,application/pdf,bceaba0b7daca8566dbf3a897c0b504fe7a526de81dbcb5af784d0676b64e806,bceaba0b7daca8566dbf3a897c0b504fe7a526de81dbcb5af784d0676b64e806,235157,archived,2026-07-23T04:08:29.955283+00:00
FILE_BCA032097AC9B5AB6104,DOCVER_475CFCBEA714A03156A6,,data\raw\webpages\2026\07\4ea85ee3166bfc91c82b74dbffb8ffd536c982f6f6fde54db40b1cc39f8fd7b8.html,raw/html/4e/4ea85ee3166bfc91c82b74dbffb8ffd536c982f6f6fde54db40b1cc39f8fd7b8.html,text/html; charset=utf-8,4ea85ee3166bfc91c82b74dbffb8ffd536c982f6f6fde54db40b1cc39f8fd7b8,4ea85ee3166bfc91c82b74dbffb8ffd536c982f6f6fde54db40b1cc39f8fd7b8,11298,archived,2026-07-23T04:08:29.955283+00:00
FILE_88E0D26027CC1D36BBB2,DOCVER_D359592F9DD325D69D4D,,data\raw\webpages\2026\07\5332ed62d6cd03378707b2b078116b743e7908ceb3ad4e6844f713ce03a44513.html,raw/html/53/5332ed62d6cd03378707b2b078116b743e7908ceb3ad4e6844f713ce03a44513.html,text/html; charset=utf-8,5332ed62d6cd03378707b2b078116b743e7908ceb3ad4e6844f713ce03a44513,5332ed62d6cd03378707b2b078116b743e7908ceb3ad4e6844f713ce03a44513,18484,archived,2026-07-23T04:08:29.955283+00:00
FILE_3B8CE78B9A0C08C2394F,DOCVER_2716D0FBAF6854E3DE12,,data\raw\documents\2026\07\cb72a9fad5a0555a3c73b4769c4672afdc6a1284da196cbacf5186583a964765.pdf,raw/pdf/cb/cb72a9fad5a0555a3c73b4769c4672afdc6a1284da196cbacf5186583a964765.pdf,application/pdf,cb72a9fad5a0555a3c73b4769c4672afdc6a1284da196cbacf5186583a964765,cb72a9fad5a0555a3c73b4769c4672afdc6a1284da196cbacf5186583a964765,195120,archived,2026-07-23T04:08:29.955283+00:00
FILE_56145E1F86AF65499129,DOCVER_9A2DEE241A6771C8297A,,data\raw\webpages\2026\07\e2631b9ee6b5a1476aafaeaeee6cf5e67fcd3c58045a770a14906c79468317a7.html,raw/html/e2/e2631b9ee6b5a1476aafaeaeee6cf5e67fcd3c58045a770a14906c79468317a7.html,text/html,e2631b9ee6b5a1476aafaeaeee6cf5e67fcd3c58045a770a14906c79468317a7,e2631b9ee6b5a1476aafaeaeee6cf5e67fcd3c58045a770a14906c79468317a7,18118,archived,2026-07-23T04:08:29.955283+00:00
FILE_48EB538E510A4ABE3561,DOCVER_73B93BAE92EFA5CBB0F3,,data\raw\webpages\2026\07\524b381def4e0db9cc6d406d4e0b8244a9c32799b7a44ab10bce5325550a46f0.html,raw/html/52/524b381def4e0db9cc6d406d4e0b8244a9c32799b7a44ab10bce5325550a46f0.html,text/html; charset=utf-8,524b381def4e0db9cc6d406d4e0b8244a9c32799b7a44ab10bce5325550a46f0,524b381def4e0db9cc6d406d4e0b8244a9c32799b7a44ab10bce5325550a46f0,86560,archived,2026-07-23T04:08:29.955283+00:00
FILE_4F5497B7F012C29AB5D6,DOCVER_B83FE2F74666F2B8DFD4,,data\raw\webpages\2026\07\3211a08982daa3a38f3e2534795878fda4704c42f9ae82843f9384d6c6a2f673.html,raw/html/32/3211a08982daa3a38f3e2534795878fda4704c42f9ae82843f9384d6c6a2f673.html,text/html; charset=utf-8,3211a08982daa3a38f3e2534795878fda4704c42f9ae82843f9384d6c6a2f673,3211a08982daa3a38f3e2534795878fda4704c42f9ae82843f9384d6c6a2f673,12083,archived,2026-07-23T04:08:29.955283+00:00
FILE_51CB4F5F2D16DF205C6B,DOCVER_98C935800427A39EAC08,,data\raw\webpages\2026\07\031b3bab3a09ce128d4258045aada917379693ec5d3652fb4e19f9ef558339be.html,raw/html/03/031b3bab3a09ce128d4258045aada917379693ec5d3652fb4e19f9ef558339be.html,text/html; charset=utf-8,031b3bab3a09ce128d4258045aada917379693ec5d3652fb4e19f9ef558339be,031b3bab3a09ce128d4258045aada917379693ec5d3652fb4e19f9ef558339be,11688,archived,2026-07-23T04:08:29.955283+00:00
FILE_F912041F4EC58F5B5150,DOCVER_99CF0DA93E8140BA163C,,data\raw\webpages\2026\07\d361a4c552c58f2a8d1c22fd0975a6dadee1bdbf29f0e101c053f4d1620811c2.html,raw/html/d3/d361a4c552c58f2a8d1c22fd0975a6dadee1bdbf29f0e101c053f4d1620811c2.html,text/html; charset=utf-8,d361a4c552c58f2a8d1c22fd0975a6dadee1bdbf29f0e101c053f4d1620811c2,d361a4c552c58f2a8d1c22fd0975a6dadee1bdbf29f0e101c053f4d1620811c2,13902,archived,2026-07-23T04:08:29.955283+00:00
FILE_1ACDF10C0CE3E5FDFB82,DOCVER_BD96A1EBB1F5282F7820,,data\raw\webpages\2026\07\07101f7121c97531f4a4d64f4860425bdb1e8e2d4d75e2a1069c35decfdde081.html,raw/html/07/07101f7121c97531f4a4d64f4860425bdb1e8e2d4d75e2a1069c35decfdde081.html,text/html; charset=utf-8,07101f7121c97531f4a4d64f4860425bdb1e8e2d4d75e2a1069c35decfdde081,07101f7121c97531f4a4d64f4860425bdb1e8e2d4d75e2a1069c35decfdde081,12886,archived,2026-07-23T04:08:29.955283+00:00
FILE_D9DB958591E3FB279A3A,DOCVER_8EAFFEA4D378DC441730,,data\raw\webpages\2026\07\9f3bea938fb8703ebf80e2faee18910e6bb416b3398e560a99a35d6fab2eec5b.html,raw/html/9f/9f3bea938fb8703ebf80e2faee18910e6bb416b3398e560a99a35d6fab2eec5b.html,text/html,9f3bea938fb8703ebf80e2faee18910e6bb416b3398e560a99a35d6fab2eec5b,9f3bea938fb8703ebf80e2faee18910e6bb416b3398e560a99a35d6fab2eec5b,19912,archived,2026-07-23T04:08:29.955283+00:00
FILE_8F4D13860D1F2D9FBEF8,DOCVER_9FB50A0D745BFAE6B2A7,,data\raw\webpages\2026\07\03b3a531749bd05173d9b49d1497d7bb61271aa154b0d211510dbab75610cd29.html,raw/html/03/03b3a531749bd05173d9b49d1497d7bb61271aa154b0d211510dbab75610cd29.html,text/html,03b3a531749bd05173d9b49d1497d7bb61271aa154b0d211510dbab75610cd29,03b3a531749bd05173d9b49d1497d7bb61271aa154b0d211510dbab75610cd29,24867,archived,2026-07-23T04:08:29.955283+00:00
FILE_304603A5C8F433E16E52,DOCVER_DAA33BBA8252FC21C87E,,data\raw\webpages\2026\07\eb6dddb51fde5ba59205aebb5bf4aa0a159068bae8ff4380dd587b57a6c1fcd8.html,raw/html/eb/eb6dddb51fde5ba59205aebb5bf4aa0a159068bae8ff4380dd587b57a6c1fcd8.html,text/html,eb6dddb51fde5ba59205aebb5bf4aa0a159068bae8ff4380dd587b57a6c1fcd8,eb6dddb51fde5ba59205aebb5bf4aa0a159068bae8ff4380dd587b57a6c1fcd8,25455,archived,2026-07-23T04:08:29.955283+00:00
FILE_6DF19FE3D004F98792D7,DOCVER_46E587C53065031BDFE9,,data\raw\webpages\2026\07\91e61e4692ad3ac9cc0dad23aa84695f501c9a86e08da9c3171b2339b8402ddb.html,raw/html/91/91e61e4692ad3ac9cc0dad23aa84695f501c9a86e08da9c3171b2339b8402ddb.html,text/html,91e61e4692ad3ac9cc0dad23aa84695f501c9a86e08da9c3171b2339b8402ddb,91e61e4692ad3ac9cc0dad23aa84695f501c9a86e08da9c3171b2339b8402ddb,16889,archived,2026-07-23T04:08:29.955283+00:00
FILE_A37AA854204510017B89,DOCVER_6AF03C04162B9233DB04,,data\raw\webpages\2026\07\b8fdecd9f0b71cb8311d88e9747b129088d8fa14c76194989e91c3e5e887ad72.html,raw/html/b8/b8fdecd9f0b71cb8311d88e9747b129088d8fa14c76194989e91c3e5e887ad72.html,text/html,b8fdecd9f0b71cb8311d88e9747b129088d8fa14c76194989e91c3e5e887ad72,b8fdecd9f0b71cb8311d88e9747b129088d8fa14c76194989e91c3e5e887ad72,99114,archived,2026-07-23T04:08:29.955283+00:00
FILE_83EDFC2FB056E8BFA6B8,DOCVER_828F7803FF009B0450AC,,data\raw\webpages\2026\07\1c2888f12fcf5ad09d726305789ed62ff448187a21b04e456fe53a0715e1494d.html,raw/html/1c/1c2888f12fcf5ad09d726305789ed62ff448187a21b04e456fe53a0715e1494d.html,text/html; charset=utf-8,1c2888f12fcf5ad09d726305789ed62ff448187a21b04e456fe53a0715e1494d,1c2888f12fcf5ad09d726305789ed62ff448187a21b04e456fe53a0715e1494d,31478,archived,2026-07-23T04:08:29.955283+00:00
FILE_A8E777EFC8456F952F51,DOCVER_64BA72261331D0B38E69,,data\raw\webpages\2026\07\6a5023efd6f827225859b85cbfbb2c06c4514265d2c248e1e3a0c51124b02343.html,raw/html/6a/6a5023efd6f827225859b85cbfbb2c06c4514265d2c248e1e3a0c51124b02343.html,text/html; charset=utf-8,6a5023efd6f827225859b85cbfbb2c06c4514265d2c248e1e3a0c51124b02343,6a5023efd6f827225859b85cbfbb2c06c4514265d2c248e1e3a0c51124b02343,27646,archived,2026-07-23T04:08:29.955283+00:00
FILE_307BE5309257CA68097F,DOCVER_E6CA3ABB2F851E92D71F,,data\raw\webpages\2026\07\a78eb2979f354ed50880ad517afa12cb126fd36fd4483fe3681e0a3d4e59ac10.html,raw/html/a7/a78eb2979f354ed50880ad517afa12cb126fd36fd4483fe3681e0a3d4e59ac10.html,text/html; charset=utf-8,a78eb2979f354ed50880ad517afa12cb126fd36fd4483fe3681e0a3d4e59ac10,a78eb2979f354ed50880ad517afa12cb126fd36fd4483fe3681e0a3d4e59ac10,35229,archived,2026-07-23T04:08:29.955283+00:00
FILE_0F465723A3E1666A9847,DOCVER_B10E6408B49DB330D8E5,,data\raw\webpages\2026\07\ae57e218eed007183afb3a967bcb707852eb716804ac81b28f1306193561bc2b.html,raw/html/ae/ae57e218eed007183afb3a967bcb707852eb716804ac81b28f1306193561bc2b.html,text/html; charset=utf-8,ae57e218eed007183afb3a967bcb707852eb716804ac81b28f1306193561bc2b,ae57e218eed007183afb3a967bcb707852eb716804ac81b28f1306193561bc2b,27545,archived,2026-07-23T04:08:29.955283+00:00
FILE_8B0E5B09750DBC8D63E6,DOCVER_D455E09BD4DBE9B91F0D,,data\raw\webpages\2026\07\648ad12c74f937286b680c6e3c70f83c3e9311ccc4d4588b25bb571b4460e46b.html,raw/html/64/648ad12c74f937286b680c6e3c70f83c3e9311ccc4d4588b25bb571b4460e46b.html,text/html; charset=utf-8,648ad12c74f937286b680c6e3c70f83c3e9311ccc4d4588b25bb571b4460e46b,648ad12c74f937286b680c6e3c70f83c3e9311ccc4d4588b25bb571b4460e46b,44737,archived,2026-07-23T04:08:29.955283+00:00
FILE_A1095D9934C09456C36B,DOCVER_BCBB6C29ED63C24BED5D,,data\raw\webpages\2026\07\9c7e41ce94e5ff6556fdcd78d29ad86fe6cdcea3dd388197b3846e6710d840a8.html,raw/html/9c/9c7e41ce94e5ff6556fdcd78d29ad86fe6cdcea3dd388197b3846e6710d840a8.html,text/html; charset=utf-8,9c7e41ce94e5ff6556fdcd78d29ad86fe6cdcea3dd388197b3846e6710d840a8,9c7e41ce94e5ff6556fdcd78d29ad86fe6cdcea3dd388197b3846e6710d840a8,36422,archived,2026-07-23T04:08:29.955283+00:00
FILE_7599C3E1F9BAEE4F4106,DOCVER_9664D3DA0D9F4700EFFD,,data\raw\webpages\2026\07\5fc3da3d43553c21521e6fddcbb5770409e4ba6faa1e2e4d60125ae22338f85c.html,raw/html/5f/5fc3da3d43553c21521e6fddcbb5770409e4ba6faa1e2e4d60125ae22338f85c.html,text/html; charset=utf-8,5fc3da3d43553c21521e6fddcbb5770409e4ba6faa1e2e4d60125ae22338f85c,5fc3da3d43553c21521e6fddcbb5770409e4ba6faa1e2e4d60125ae22338f85c,26289,archived,2026-07-23T04:08:29.955283+00:00
FILE_D214DF6D0D80B5A57671,DOCVER_0663785C4794ABDB79B0,,data\raw\documents\2026\07\796224c97cfbe500c7521a8c2d5b76e8beaf8aaafaafd3e5ae9a098fa6058825.doc,raw/attachments/79/796224c97cfbe500c7521a8c2d5b76e8beaf8aaafaafd3e5ae9a098fa6058825.doc,application/msword,796224c97cfbe500c7521a8c2d5b76e8beaf8aaafaafd3e5ae9a098fa6058825,796224c97cfbe500c7521a8c2d5b76e8beaf8aaafaafd3e5ae9a098fa6058825,62464,archived,2026-07-23T04:08:29.955283+00:00
FILE_9B99756CD365E38F258B,DOCVER_57B7CC06D31B2546B91D,,data\raw\documents\2026\07\78fba54042389ca098c82c6d12eaee4b35aa8e405476c15212eb43724fcdc7ec.docx,raw/attachments/78/78fba54042389ca098c82c6d12eaee4b35aa8e405476c15212eb43724fcdc7ec.docx,application/vnd.openxmlformats-officedocument.wordprocessingml.document,78fba54042389ca098c82c6d12eaee4b35aa8e405476c15212eb43724fcdc7ec,78fba54042389ca098c82c6d12eaee4b35aa8e405476c15212eb43724fcdc7ec,22978,archived,2026-07-23T04:08:29.955283+00:00
FILE_CB2339E63A7A1F6CC387,DOCVER_F68661A727BC8B99480A,,data\raw\webpages\2026\07\10d991207569d657f68191912d3302f07c2d3b3ec07a360ce2cca40e4217d181.html,raw/html/10/10d991207569d657f68191912d3302f07c2d3b3ec07a360ce2cca40e4217d181.html,text/html; charset=utf-8,10d991207569d657f68191912d3302f07c2d3b3ec07a360ce2cca40e4217d181,10d991207569d657f68191912d3302f07c2d3b3ec07a360ce2cca40e4217d181,26309,archived,2026-07-23T04:08:29.955283+00:00
FILE_4D5FF424447FA59A0563,DOCVER_AD03D2B90AAA9AB65848,,data\raw\documents\2026\07\799c4e513307a8bfe4d05a04a5643ac24991974d5220f5dc29d1e15b1b6c4a97.doc,raw/attachments/79/799c4e513307a8bfe4d05a04a5643ac24991974d5220f5dc29d1e15b1b6c4a97.doc,application/msword,799c4e513307a8bfe4d05a04a5643ac24991974d5220f5dc29d1e15b1b6c4a97,799c4e513307a8bfe4d05a04a5643ac24991974d5220f5dc29d1e15b1b6c4a97,266240,archived,2026-07-23T04:08:29.955283+00:00
FILE_9C01BCCBE469FC1C639E,DOCVER_8D1EB0A4E4AC30DFC26D,,data\raw\documents\2026\07\b0b3ce8bbd3606533dab2791d47045a8e6c612c1d360c376eb0a5257d3becb79.doc,raw/attachments/b0/b0b3ce8bbd3606533dab2791d47045a8e6c612c1d360c376eb0a5257d3becb79.doc,application/msword,b0b3ce8bbd3606533dab2791d47045a8e6c612c1d360c376eb0a5257d3becb79,b0b3ce8bbd3606533dab2791d47045a8e6c612c1d360c376eb0a5257d3becb79,251904,archived,2026-07-23T04:08:29.955283+00:00
FILE_9DC5B754E72606DF8487,DOCVER_AABBAFAC1C0A7B67B009,,data\raw\documents\2026\07\3172fd2f52c4f3872094a2d05cec517a5396b37efcdd6e3f8db94ce7918b4cbe.doc,raw/attachments/31/3172fd2f52c4f3872094a2d05cec517a5396b37efcdd6e3f8db94ce7918b4cbe.doc,application/msword,3172fd2f52c4f3872094a2d05cec517a5396b37efcdd6e3f8db94ce7918b4cbe,3172fd2f52c4f3872094a2d05cec517a5396b37efcdd6e3f8db94ce7918b4cbe,20992,archived,2026-07-23T04:08:29.955283+00:00
FILE_8223C2BB691A4FE1EFF2,DOCVER_8201E499A2FBD83F8E0E,,data\raw\webpages\2026\07\86a617b1c23c3786c78f074709af4870c829360f177a314a394d6cadd7e4eeab.html,raw/html/86/86a617b1c23c3786c78f074709af4870c829360f177a314a394d6cadd7e4eeab.html,text/html; charset=utf-8,86a617b1c23c3786c78f074709af4870c829360f177a314a394d6cadd7e4eeab,86a617b1c23c3786c78f074709af4870c829360f177a314a394d6cadd7e4eeab,26898,archived,2026-07-23T04:08:29.955283+00:00
FILE_FC0DCB962E9547D69284,DOCVER_543FE85C6B402EC10444,,data\raw\documents\2026\07\b30f76103af4ec11fde4c94c0e5e16701c9e93d443360599caf6abbfda8f9307.pdf,raw/pdf/b3/b30f76103af4ec11fde4c94c0e5e16701c9e93d443360599caf6abbfda8f9307.pdf,application/pdf,b30f76103af4ec11fde4c94c0e5e16701c9e93d443360599caf6abbfda8f9307,b30f76103af4ec11fde4c94c0e5e16701c9e93d443360599caf6abbfda8f9307,272554,archived,2026-07-23T04:08:29.955283+00:00
FILE_B5046789D84B4F20551A,DOCVER_8865D9CB3ACCA010115E,,data\raw\webpages\2026\07\e43313d1fa1f43491d91d51e4942cbc0a0455213c17a7a8c0dca1772dfd2435f.html,raw/html/e4/e43313d1fa1f43491d91d51e4942cbc0a0455213c17a7a8c0dca1772dfd2435f.html,text/html; charset=utf-8,e43313d1fa1f43491d91d51e4942cbc0a0455213c17a7a8c0dca1772dfd2435f,e43313d1fa1f43491d91d51e4942cbc0a0455213c17a7a8c0dca1772dfd2435f,27562,archived,2026-07-23T04:08:29.955283+00:00
FILE_F4287FC49036C0F303A8,DOCVER_C111844E241B7E465476,,data\raw\webpages\2026\07\7b983115a660b1e9256daddc90b67cf3b4650c6bec204b8d40a561459d13d20b.html,raw/html/7b/7b983115a660b1e9256daddc90b67cf3b4650c6bec204b8d40a561459d13d20b.html,text/html; charset=utf-8,7b983115a660b1e9256daddc90b67cf3b4650c6bec204b8d40a561459d13d20b,7b983115a660b1e9256daddc90b67cf3b4650c6bec204b8d40a561459d13d20b,38171,archived,2026-07-23T04:08:29.955283+00:00
FILE_F5DD2701BE4B327DE231,DOCVER_F8FB3CEB330A294558E0,,data\raw\documents\2026\07\c6f5b5dde07f03824e3ab410a833f793e9c4cbe142d5cc88690b11a050f39bd3.pdf,raw/pdf/c6/c6f5b5dde07f03824e3ab410a833f793e9c4cbe142d5cc88690b11a050f39bd3.pdf,application/pdf,c6f5b5dde07f03824e3ab410a833f793e9c4cbe142d5cc88690b11a050f39bd3,c6f5b5dde07f03824e3ab410a833f793e9c4cbe142d5cc88690b11a050f39bd3,1229185,archived,2026-07-23T04:08:29.955283+00:00
FILE_A5AF1219E0A6E0346F23,DOCVER_A1A8AEBF2622FBA183C8,,data\raw\webpages\2026\07\3def2ea50712613cdaeeaee27e9ecdb2e5df747141c33a6b632ce5476685cf74.html,raw/html/3d/3def2ea50712613cdaeeaee27e9ecdb2e5df747141c33a6b632ce5476685cf74.html,text/html; charset=utf-8,3def2ea50712613cdaeeaee27e9ecdb2e5df747141c33a6b632ce5476685cf74,3def2ea50712613cdaeeaee27e9ecdb2e5df747141c33a6b632ce5476685cf74,86379,archived,2026-07-23T04:08:29.955283+00:00
FILE_87427EFDFF06C3663523,DOCVER_9CB7C30DB2269723D66D,,data\raw\webpages\2026\07\b528153fd1f3caa2c157d41513cc21b31c6944d80d186aa772781ba39399ed41.html,raw/html/b5/b528153fd1f3caa2c157d41513cc21b31c6944d80d186aa772781ba39399ed41.html,text/html; charset=utf-8,b528153fd1f3caa2c157d41513cc21b31c6944d80d186aa772781ba39399ed41,b528153fd1f3caa2c157d41513cc21b31c6944d80d186aa772781ba39399ed41,26770,archived,2026-07-23T04:08:29.955283+00:00
FILE_FEB0FF4EFFD7CDE7586D,DOCVER_3C9C41EFC18F181C4920,,data\raw\documents\2026\07\60c7c22bd3edb26ba50898e1d50bd3682969889c2b64c9a9535ff2107b7e78a2.pdf,raw/pdf/60/60c7c22bd3edb26ba50898e1d50bd3682969889c2b64c9a9535ff2107b7e78a2.pdf,application/pdf,60c7c22bd3edb26ba50898e1d50bd3682969889c2b64c9a9535ff2107b7e78a2,60c7c22bd3edb26ba50898e1d50bd3682969889c2b64c9a9535ff2107b7e78a2,309146,archived,2026-07-23T04:08:29.955283+00:00
FILE_8FA8CB68F64896EF324C,DOCVER_FBF8F7B66D74D159E3CC,,data\raw\webpages\2026\07\eaa817bfbdd3e177d083a0db0d8552e88f5f8deb5f01f7e7601853f7d356922a.html,raw/html/ea/eaa817bfbdd3e177d083a0db0d8552e88f5f8deb5f01f7e7601853f7d356922a.html,text/html,eaa817bfbdd3e177d083a0db0d8552e88f5f8deb5f01f7e7601853f7d356922a,eaa817bfbdd3e177d083a0db0d8552e88f5f8deb5f01f7e7601853f7d356922a,16896,archived,2026-07-23T04:08:29.955283+00:00
FILE_D5E7AFE9BF86C3AF89B6,DOCVER_03250884313BA674FA3C,,data\raw\webpages\2026\07\78a2fc3cf32cc42223ea7c341fe491dd38709e40841612b49b9195e35dabc7ba.html,raw/html/78/78a2fc3cf32cc42223ea7c341fe491dd38709e40841612b49b9195e35dabc7ba.html,text/html,78a2fc3cf32cc42223ea7c341fe491dd38709e40841612b49b9195e35dabc7ba,78a2fc3cf32cc42223ea7c341fe491dd38709e40841612b49b9195e35dabc7ba,33572,archived,2026-07-23T04:08:29.955283+00:00
FILE_B820464CF2A52E5D87FC,DOCVER_D25AD97C84AD4E6245FF,,data\raw\documents\2026\07\2ec39b9e7be52163c8247a065f6f02d3ffb7e523f3aa92a58c61cc61e43fed09.pdf,raw/pdf/2e/2ec39b9e7be52163c8247a065f6f02d3ffb7e523f3aa92a58c61cc61e43fed09.pdf,application/pdf,2ec39b9e7be52163c8247a065f6f02d3ffb7e523f3aa92a58c61cc61e43fed09,2ec39b9e7be52163c8247a065f6f02d3ffb7e523f3aa92a58c61cc61e43fed09,520511,archived,2026-07-23T04:08:29.955283+00:00
FILE_061D7CBAD192FA9BB463,DOCVER_503D2270BE598023DC7D,,data\raw\webpages\2026\07\4a23aeb7701832c232ce3cc823efc943e132bef237a2dc58471fc40fbc54489f.html,raw/html/4a/4a23aeb7701832c232ce3cc823efc943e132bef237a2dc58471fc40fbc54489f.html,text/html,4a23aeb7701832c232ce3cc823efc943e132bef237a2dc58471fc40fbc54489f,4a23aeb7701832c232ce3cc823efc943e132bef237a2dc58471fc40fbc54489f,27119,archived,2026-07-23T04:08:29.955283+00:00
FILE_D7A0299C38647D106C2D,DOCVER_823BC96F3699591DE6A9,,data\raw\documents\2026\07\56a456134fc2e5af4e6600b01371457982eb512b47b417ca1572e3e2e10c376d.docx,raw/attachments/56/56a456134fc2e5af4e6600b01371457982eb512b47b417ca1572e3e2e10c376d.docx,application/vnd.openxmlformats-officedocument.wordprocessingml.document,56a456134fc2e5af4e6600b01371457982eb512b47b417ca1572e3e2e10c376d,56a456134fc2e5af4e6600b01371457982eb512b47b417ca1572e3e2e10c376d,16694,archived,2026-07-23T04:08:29.955283+00:00
FILE_48E72638342B1AE6055F,DOCVER_16BACEF133D0787AB0AF,,data\raw\documents\2026\07\ed89528a629345df78464cffb1979eec6ff23ce0587b370dc1727b4d18c7c84b.docx,raw/attachments/ed/ed89528a629345df78464cffb1979eec6ff23ce0587b370dc1727b4d18c7c84b.docx,application/vnd.openxmlformats-officedocument.wordprocessingml.document,ed89528a629345df78464cffb1979eec6ff23ce0587b370dc1727b4d18c7c84b,ed89528a629345df78464cffb1979eec6ff23ce0587b370dc1727b4d18c7c84b,15280,archived,2026-07-23T04:08:29.955283+00:00
FILE_B43EEDDD62FE6C1EF051,DOCVER_4B54B475154165536DBC,,data\raw\webpages\2026\07\a6d3abedebe1d64a6309ce3cc9c6f822c188e06d811e7a6923e31b2c650d9e17.html,raw/html/a6/a6d3abedebe1d64a6309ce3cc9c6f822c188e06d811e7a6923e31b2c650d9e17.html,text/html,a6d3abedebe1d64a6309ce3cc9c6f822c188e06d811e7a6923e31b2c650d9e17,a6d3abedebe1d64a6309ce3cc9c6f822c188e06d811e7a6923e31b2c650d9e17,154,archived,2026-07-23T04:08:29.955283+00:00
FILE_8081B78FD51BC709C5DC,DOCVER_68CF194129082F19D6A3,,data\raw\webpages\2026\07\f7f6099d3b31dd460f65875267bfa44cccd95406c1d463b47355eeade90e67ef.html,raw/html/f7/f7f6099d3b31dd460f65875267bfa44cccd95406c1d463b47355eeade90e67ef.html,text/html,f7f6099d3b31dd460f65875267bfa44cccd95406c1d463b47355eeade90e67ef,f7f6099d3b31dd460f65875267bfa44cccd95406c1d463b47355eeade90e67ef,154,archived,2026-07-23T04:08:29.955283+00:00
FILE_9C8005D0DF7AD38191D3,DOCVER_071E84D34121CC632EB6,,data\raw\webpages\2026\07\084a799ed09b4b62745809d0c52cce00612736341c24a1d751e70652006ea122.html,raw/html/08/084a799ed09b4b62745809d0c52cce00612736341c24a1d751e70652006ea122.html,text/html,084a799ed09b4b62745809d0c52cce00612736341c24a1d751e70652006ea122,084a799ed09b4b62745809d0c52cce00612736341c24a1d751e70652006ea122,113,archived,2026-07-23T04:08:29.955283+00:00
FILE_0A37678E0BF51F09EF8B,DOCVER_65BD36764829579426DC,,data\raw\webpages\2026\07\a6d3abedebe1d64a6309ce3cc9c6f822c188e06d811e7a6923e31b2c650d9e17.html,raw/html/a6/a6d3abedebe1d64a6309ce3cc9c6f822c188e06d811e7a6923e31b2c650d9e17.html,text/html,a6d3abedebe1d64a6309ce3cc9c6f822c188e06d811e7a6923e31b2c650d9e17,a6d3abedebe1d64a6309ce3cc9c6f822c188e06d811e7a6923e31b2c650d9e17,154,archived,2026-07-23T04:08:29.955283+00:00
FILE_5C59B679DB6357D913AE,DOCVER_D4564CF99590CC74C37A,,data\raw\webpages\2026\07\3fadf354782a2ee3c9f4097b08001ba8a631c27e95e41d09469dbdf3db58fec9.html,raw/html/3f/3fadf354782a2ee3c9f4097b08001ba8a631c27e95e41d09469dbdf3db58fec9.html,text/html,3fadf354782a2ee3c9f4097b08001ba8a631c27e95e41d09469dbdf3db58fec9,3fadf354782a2ee3c9f4097b08001ba8a631c27e95e41d09469dbdf3db58fec9,154,archived,2026-07-23T04:08:29.955283+00:00
FILE_EFC7102E557FB58ED6ED,DOCVER_27D028D831613CB4B056,,data\raw\webpages\2026\07\3095514e7eb1f5724dd778e5fc660a57b054f9e0f3890181c500a3af17b00764.html,raw/html/30/3095514e7eb1f5724dd778e5fc660a57b054f9e0f3890181c500a3af17b00764.html,text/html,3095514e7eb1f5724dd778e5fc660a57b054f9e0f3890181c500a3af17b00764,3095514e7eb1f5724dd778e5fc660a57b054f9e0f3890181c500a3af17b00764,154,archived,2026-07-23T04:08:29.955283+00:00
FILE_9D58219DD9FEE1CE9E2F,DOCVER_C16CFB0C477C1294FEDF,,data\raw\webpages\2026\07\6f69534e27e860cbaa775ecbb915b6e3829a7527e4612ffecf6325c9e0a82e43.html,raw/html/6f/6f69534e27e860cbaa775ecbb915b6e3829a7527e4612ffecf6325c9e0a82e43.html,text/html,6f69534e27e860cbaa775ecbb915b6e3829a7527e4612ffecf6325c9e0a82e43,6f69534e27e860cbaa775ecbb915b6e3829a7527e4612ffecf6325c9e0a82e43,154,archived,2026-07-23T04:08:29.955283+00:00
FILE_1DEAFED9CC9C4FE7CAAE,DOCVER_A6A603E33A3212452C29,,data\raw\webpages\2026\07\9c0cfe5356fbd80946e55efea9f5eb4ecdee314d2e1c5173180c04639a294497.html,raw/html/9c/9c0cfe5356fbd80946e55efea9f5eb4ecdee314d2e1c5173180c04639a294497.html,text/html,9c0cfe5356fbd80946e55efea9f5eb4ecdee314d2e1c5173180c04639a294497,9c0cfe5356fbd80946e55efea9f5eb4ecdee314d2e1c5173180c04639a294497,154,archived,2026-07-23T04:08:29.955283+00:00
FILE_01B432701F790AB87ACF,DOCVER_F47341B5FBEC1B9A6A0A,,data\raw\webpages\2026\07\b8e35c8191cf177346e296f1e5a150f64653fc7711b6406dd6423137e9f581ea.html,raw/html/b8/b8e35c8191cf177346e296f1e5a150f64653fc7711b6406dd6423137e9f581ea.html,text/html,b8e35c8191cf177346e296f1e5a150f64653fc7711b6406dd6423137e9f581ea,b8e35c8191cf177346e296f1e5a150f64653fc7711b6406dd6423137e9f581ea,155,archived,2026-07-23T04:08:29.955283+00:00
FILE_4C5C90E86F3D06C2C902,DOCVER_182B8A06A2F2FA505623,,data\raw\webpages\2026\07\ad68ec0011397d13ee4c8d5674e8ad2fa658e38310cb94bd15abe11b89290d3a.html,raw/html/ad/ad68ec0011397d13ee4c8d5674e8ad2fa658e38310cb94bd15abe11b89290d3a.html,text/html,ad68ec0011397d13ee4c8d5674e8ad2fa658e38310cb94bd15abe11b89290d3a,ad68ec0011397d13ee4c8d5674e8ad2fa658e38310cb94bd15abe11b89290d3a,17752,archived,2026-07-23T04:08:29.955283+00:00
FILE_562ED5165F8B21B3FE45,DOCVER_312706812D62BEB48CFA,,data\raw\webpages\2026\07\e70ad191a8184a2831a69d2b0b8265900df75517e86d9e6e07881ab9c26fb8cc.html,raw/html/e7/e70ad191a8184a2831a69d2b0b8265900df75517e86d9e6e07881ab9c26fb8cc.html,text/html,e70ad191a8184a2831a69d2b0b8265900df75517e86d9e6e07881ab9c26fb8cc,e70ad191a8184a2831a69d2b0b8265900df75517e86d9e6e07881ab9c26fb8cc,242,archived,2026-07-23T04:08:29.955283+00:00
FILE_680ACC9E1BA3C51F42B2,DOCVER_00D390B30AC0E5AE3B41,,data\raw\webpages\2026\07\57511bde97e5e9b013ace2fbf5d7f915660f05e2ad3af1c73ad4231d08828372.html,raw/html/57/57511bde97e5e9b013ace2fbf5d7f915660f05e2ad3af1c73ad4231d08828372.html,text/html,57511bde97e5e9b013ace2fbf5d7f915660f05e2ad3af1c73ad4231d08828372,57511bde97e5e9b013ace2fbf5d7f915660f05e2ad3af1c73ad4231d08828372,20146,archived,2026-07-23T04:08:29.955283+00:00
FILE_7EF42D8066696E74E901,DOCVER_170947A970F767376C84,,data\raw\webpages\2026\07\5977e104d921f635f16ddc4f2a2311d1157af9136f05a0f9d91c1fa7fe50200e.html,raw/html/59/5977e104d921f635f16ddc4f2a2311d1157af9136f05a0f9d91c1fa7fe50200e.html,text/html,5977e104d921f635f16ddc4f2a2311d1157af9136f05a0f9d91c1fa7fe50200e,5977e104d921f635f16ddc4f2a2311d1157af9136f05a0f9d91c1fa7fe50200e,14544,archived,2026-07-23T04:08:29.955283+00:00
FILE_FEACA160083B43CCACF0,DOCVER_03BCD05482889CAF7F7B,,data\raw\webpages\2026\07\87812aa5c163557d99e67056f2f9dc31bb3dfb2ea8c4098b37f7f5f85e62aad7.html,raw/html/87/87812aa5c163557d99e67056f2f9dc31bb3dfb2ea8c4098b37f7f5f85e62aad7.html,text/html,87812aa5c163557d99e67056f2f9dc31bb3dfb2ea8c4098b37f7f5f85e62aad7,87812aa5c163557d99e67056f2f9dc31bb3dfb2ea8c4098b37f7f5f85e62aad7,18540,archived,2026-07-23T04:08:29.955283+00:00
FILE_5DAAC4134E453D36400A,DOCVER_E841B521E0A09EC2B1F9,,data\raw\webpages\2026\07\1b023159d8c93a475210f15807eed19aa1eabfb17b00438967f81c34d05694ae.html,raw/html/1b/1b023159d8c93a475210f15807eed19aa1eabfb17b00438967f81c34d05694ae.html,text/html,1b023159d8c93a475210f15807eed19aa1eabfb17b00438967f81c34d05694ae,1b023159d8c93a475210f15807eed19aa1eabfb17b00438967f81c34d05694ae,25771,archived,2026-07-23T04:08:29.955283+00:00
FILE_CB352C98B5120773667A,DOCVER_C3F72C4F5460A0A4E071,,data\raw\webpages\2026\07\b0577865e76ab140e034ec6d3cb03462ee2528fa8e40158e6bff81cf0228297a.html,raw/html/b0/b0577865e76ab140e034ec6d3cb03462ee2528fa8e40158e6bff81cf0228297a.html,text/html,b0577865e76ab140e034ec6d3cb03462ee2528fa8e40158e6bff81cf0228297a,b0577865e76ab140e034ec6d3cb03462ee2528fa8e40158e6bff81cf0228297a,199,archived,2026-07-23T04:08:29.955283+00:00
FILE_325C26778C6D4AFD4DEB,DOCVER_350CB798742D49104337,,data\raw\webpages\2026\07\c5977af4f97df4bacb7d4cb65b2576568f0aec2781a7dce9a23e02129fd9caae.html,raw/html/c5/c5977af4f97df4bacb7d4cb65b2576568f0aec2781a7dce9a23e02129fd9caae.html,text/html,c5977af4f97df4bacb7d4cb65b2576568f0aec2781a7dce9a23e02129fd9caae,c5977af4f97df4bacb7d4cb65b2576568f0aec2781a7dce9a23e02129fd9caae,112,archived,2026-07-23T04:08:29.955283+00:00
FILE_23AC67CA6FA5863E0EA3,DOCVER_67D67B8121B9803A1EFA,,data\raw\webpages\2026\07\65cae57cde003ec30bb8a9f8c52f79ed7bb88477f24ecf22ccfe8e552eefc9ab.html,raw/html/65/65cae57cde003ec30bb8a9f8c52f79ed7bb88477f24ecf22ccfe8e552eefc9ab.html,text/html,65cae57cde003ec30bb8a9f8c52f79ed7bb88477f24ecf22ccfe8e552eefc9ab,65cae57cde003ec30bb8a9f8c52f79ed7bb88477f24ecf22ccfe8e552eefc9ab,18720,archived,2026-07-23T04:08:29.955283+00:00
FILE_D1C04D637668CC4D563D,DOCVER_1CF6F6351995743FBF3E,,data\raw\webpages\2026\07\e070cfb3650f73b504cadf9538c539173a2e0dca02132ea370e297e63d8ceb82.html,raw/html/e0/e070cfb3650f73b504cadf9538c539173a2e0dca02132ea370e297e63d8ceb82.html,text/html,e070cfb3650f73b504cadf9538c539173a2e0dca02132ea370e297e63d8ceb82,e070cfb3650f73b504cadf9538c539173a2e0dca02132ea370e297e63d8ceb82,15434,archived,2026-07-23T04:08:29.955283+00:00
FILE_01AF36077AFD250D141B,DOCVER_7A7AA7621E08F3F6DBB2,,data\raw\webpages\2026\07\ff6db40ae59e6e4b5011f8b48c7d5d085dda308627a81edc34f530cc63a89bc7.html,raw/html/ff/ff6db40ae59e6e4b5011f8b48c7d5d085dda308627a81edc34f530cc63a89bc7.html,text/html,ff6db40ae59e6e4b5011f8b48c7d5d085dda308627a81edc34f530cc63a89bc7,ff6db40ae59e6e4b5011f8b48c7d5d085dda308627a81edc34f530cc63a89bc7,18388,archived,2026-07-23T04:08:29.955283+00:00
FILE_E01C4C439F4D337AB259,DOCVER_82FC3C9EB96C255B9C1F,,data\raw\webpages\2026\07\7718ad7d093305289c1bbdbd657b846dbc07583e9c29d09eca14f829c54b9944.html,raw/html/77/7718ad7d093305289c1bbdbd657b846dbc07583e9c29d09eca14f829c54b9944.html,text/html,7718ad7d093305289c1bbdbd657b846dbc07583e9c29d09eca14f829c54b9944,7718ad7d093305289c1bbdbd657b846dbc07583e9c29d09eca14f829c54b9944,123,archived,2026-07-23T04:08:29.955283+00:00
FILE_E84C94576C3647FC9139,DOCVER_2DACBF3331BBE4A280CD,,data\raw\webpages\2026\07\51ecd41c6c3c7d1ed37269a484c3aba8685544b0eecfb0a457ec7523c7b00e5e.html,raw/html/51/51ecd41c6c3c7d1ed37269a484c3aba8685544b0eecfb0a457ec7523c7b00e5e.html,text/html,51ecd41c6c3c7d1ed37269a484c3aba8685544b0eecfb0a457ec7523c7b00e5e,51ecd41c6c3c7d1ed37269a484c3aba8685544b0eecfb0a457ec7523c7b00e5e,115,archived,2026-07-23T04:08:29.955283+00:00
FILE_5CF60193DBF7E8046BAB,DOCVER_486B88A25D154E486545,,data\raw\webpages\2026\07\5460e34587b30ee6fbcdb492c0347fe59e4b2fdfe33265de08fc40d692de0f8d.html,raw/html/54/5460e34587b30ee6fbcdb492c0347fe59e4b2fdfe33265de08fc40d692de0f8d.html,text/html,5460e34587b30ee6fbcdb492c0347fe59e4b2fdfe33265de08fc40d692de0f8d,5460e34587b30ee6fbcdb492c0347fe59e4b2fdfe33265de08fc40d692de0f8d,15489,archived,2026-07-23T04:08:29.955283+00:00
FILE_A3B94865E44961453034,DOCVER_EDEB2B0BD6F0BCF6C182,,data\raw\webpages\2026\07\f2e9b79672fddd140fee486ec7193e150060a1182e63011e81bea691207e840e.html,raw/html/f2/f2e9b79672fddd140fee486ec7193e150060a1182e63011e81bea691207e840e.html,text/html,f2e9b79672fddd140fee486ec7193e150060a1182e63011e81bea691207e840e,f2e9b79672fddd140fee486ec7193e150060a1182e63011e81bea691207e840e,134,archived,2026-07-23T04:08:29.955283+00:00
FILE_8F99C0E26FF8A5442688,DOCVER_63EF5575AA2B2834B63D,,data\raw\webpages\2026\07\e23334064f0d292879bb8be14321ba705230f33393cbba23c911fee4f2c3384b.html,raw/html/e2/e23334064f0d292879bb8be14321ba705230f33393cbba23c911fee4f2c3384b.html,text/html,e23334064f0d292879bb8be14321ba705230f33393cbba23c911fee4f2c3384b,e23334064f0d292879bb8be14321ba705230f33393cbba23c911fee4f2c3384b,15762,archived,2026-07-23T04:08:29.955283+00:00
FILE_60EE9A7892E97079AB9E,DOCVER_424B0A45B8E95E37A1E5,,data\raw\webpages\2026\07\49d30d7af2271f788228d575734d7b5e5dcae4e62ac7a6b0b2acdd6e886c2c70.html,raw/html/49/49d30d7af2271f788228d575734d7b5e5dcae4e62ac7a6b0b2acdd6e886c2c70.html,text/html,49d30d7af2271f788228d575734d7b5e5dcae4e62ac7a6b0b2acdd6e886c2c70,49d30d7af2271f788228d575734d7b5e5dcae4e62ac7a6b0b2acdd6e886c2c70,17394,archived,2026-07-23T04:08:29.955283+00:00
FILE_45810F3BD6DF34926A9B,DOCVER_8B69AE632EBDF3C0DC20,,data\raw\webpages\2026\07\7dd7feef16b4f5b605463815c0886b002adc86f44f1769ff30d09f0887e2661c.html,raw/html/7d/7dd7feef16b4f5b605463815c0886b002adc86f44f1769ff30d09f0887e2661c.html,text/html,7dd7feef16b4f5b605463815c0886b002adc86f44f1769ff30d09f0887e2661c,7dd7feef16b4f5b605463815c0886b002adc86f44f1769ff30d09f0887e2661c,17463,archived,2026-07-23T04:08:29.955283+00:00
FILE_59498E72F8AA58BA5DF7,DOCVER_3ACA83E5327959299ECA,,data\raw\webpages\2026\07\5683b674139e497c3d3a575e8aa68cf610d4ccb6b99c98667baa46768fe52456.html,raw/html/56/5683b674139e497c3d3a575e8aa68cf610d4ccb6b99c98667baa46768fe52456.html,text/html,5683b674139e497c3d3a575e8aa68cf610d4ccb6b99c98667baa46768fe52456,5683b674139e497c3d3a575e8aa68cf610d4ccb6b99c98667baa46768fe52456,111,archived,2026-07-23T04:08:29.955283+00:00
FILE_A0FF5300364CEE0CDECD,DOCVER_2D740BB41CCFEE3322AF,,data\raw\webpages\2026\07\5ff4c0f195c1097d895cec0e1e8c675bee23655df177031118cc6ae54eb6c0ec.html,raw/html/5f/5ff4c0f195c1097d895cec0e1e8c675bee23655df177031118cc6ae54eb6c0ec.html,text/html,5ff4c0f195c1097d895cec0e1e8c675bee23655df177031118cc6ae54eb6c0ec,5ff4c0f195c1097d895cec0e1e8c675bee23655df177031118cc6ae54eb6c0ec,19267,archived,2026-07-23T04:08:29.955283+00:00
FILE_04AD236C3281C708510B,DOCVER_4EF67DD4DAB8222B9594,,data\raw\webpages\2026\07\948ebdeb5534a47b5ecf7568b59df70ef310640b92128f3c4cc7af5cd83889cc.html,raw/html/94/948ebdeb5534a47b5ecf7568b59df70ef310640b92128f3c4cc7af5cd83889cc.html,text/html,948ebdeb5534a47b5ecf7568b59df70ef310640b92128f3c4cc7af5cd83889cc,948ebdeb5534a47b5ecf7568b59df70ef310640b92128f3c4cc7af5cd83889cc,135,archived,2026-07-23T04:08:29.955283+00:00
FILE_10C497B189DFE00827A6,DOCVER_F437FF5076C5A3C6B777,,data\raw\webpages\2026\07\c4f87b8cc29573990cc0eeed22f1a9c7fa07a8a6c9daaffc5b48c48d0ae6dbda.html,raw/html/c4/c4f87b8cc29573990cc0eeed22f1a9c7fa07a8a6c9daaffc5b48c48d0ae6dbda.html,text/html,c4f87b8cc29573990cc0eeed22f1a9c7fa07a8a6c9daaffc5b48c48d0ae6dbda,c4f87b8cc29573990cc0eeed22f1a9c7fa07a8a6c9daaffc5b48c48d0ae6dbda,21248,archived,2026-07-23T04:08:29.955283+00:00
FILE_9D8B0BE8AA7448C0AD2F,DOCVER_F0D8ECA557BC0678C357,,data\raw\webpages\2026\07\2cbdc6be9142288537d0705c44a9e7e6f1efb606370d610e226a235430c95a7b.html,raw/html/2c/2cbdc6be9142288537d0705c44a9e7e6f1efb606370d610e226a235430c95a7b.html,text/html,2cbdc6be9142288537d0705c44a9e7e6f1efb606370d610e226a235430c95a7b,2cbdc6be9142288537d0705c44a9e7e6f1efb606370d610e226a235430c95a7b,111,archived,2026-07-23T04:08:29.955283+00:00
FILE_C28C0722918F340916D8,DOCVER_62F245CB42D5E735F2F7,,data\raw\webpages\2026\07\d1bfcf89aeb510fcb56df8c194716ac1d1ba2cb36923f98e86cd38c9de6232f0.html,raw/html/d1/d1bfcf89aeb510fcb56df8c194716ac1d1ba2cb36923f98e86cd38c9de6232f0.html,text/html; charset=utf-8,d1bfcf89aeb510fcb56df8c194716ac1d1ba2cb36923f98e86cd38c9de6232f0,d1bfcf89aeb510fcb56df8c194716ac1d1ba2cb36923f98e86cd38c9de6232f0,17612,archived,2026-07-23T04:08:29.955283+00:00
FILE_A44C69ED06DBFC8D8100,DOCVER_5EB80DA2FFFBCEF5BE52,,data\raw\webpages\2026\07\49c0e4dbd96999c1307a6b25a9b013cdb0f754c8b37243592e30b02e72d89646.html,raw/html/49/49c0e4dbd96999c1307a6b25a9b013cdb0f754c8b37243592e30b02e72d89646.html,text/html; charset=utf-8,49c0e4dbd96999c1307a6b25a9b013cdb0f754c8b37243592e30b02e72d89646,49c0e4dbd96999c1307a6b25a9b013cdb0f754c8b37243592e30b02e72d89646,34896,archived,2026-07-23T04:08:29.955283+00:00
FILE_92E3F17D1AC535AAA7AB,DOCVER_BB456B0BA6051BF81F7A,,data\raw\webpages\2026\07\07359f7af8e130995a896542e7f3e0a4d7bdee5ff0e5fd6664793dd1bf88faee.html,raw/html/07/07359f7af8e130995a896542e7f3e0a4d7bdee5ff0e5fd6664793dd1bf88faee.html,text/html; charset=utf-8,07359f7af8e130995a896542e7f3e0a4d7bdee5ff0e5fd6664793dd1bf88faee,07359f7af8e130995a896542e7f3e0a4d7bdee5ff0e5fd6664793dd1bf88faee,16204,archived,2026-07-23T04:08:29.955283+00:00
FILE_B4ED66763E0CCF7E0386,DOCVER_98302D50FF866C91E458,,data\raw\webpages\2026\07\e9fbf3293e567d123e987fdf806645397d0af258aa05dc671dea93aa07013927.html,raw/html/e9/e9fbf3293e567d123e987fdf806645397d0af258aa05dc671dea93aa07013927.html,text/html; charset=utf-8,e9fbf3293e567d123e987fdf806645397d0af258aa05dc671dea93aa07013927,e9fbf3293e567d123e987fdf806645397d0af258aa05dc671dea93aa07013927,23907,archived,2026-07-23T04:08:29.955283+00:00
FILE_CDFD04BBD0ECFB1CACFB,DOCVER_1DFBD96E3459E0553B6E,,data\raw\webpages\2026\07\d21a23bd5a61a7cb9f89731b773c17752d21595cfb03d1ca67fac6331db8ce90.html,raw/html/d2/d21a23bd5a61a7cb9f89731b773c17752d21595cfb03d1ca67fac6331db8ce90.html,text/html; charset=utf-8,d21a23bd5a61a7cb9f89731b773c17752d21595cfb03d1ca67fac6331db8ce90,d21a23bd5a61a7cb9f89731b773c17752d21595cfb03d1ca67fac6331db8ce90,28600,archived,2026-07-23T04:08:29.955283+00:00
FILE_6AF012A072DFAD0E5EE4,DOCVER_44D2681A215A7449ECCD,,data\raw\documents\2026\07\0b18516002239d2b9426a3910f9db50da45f2ca103bf4f075a00be2e18a38146.doc,raw/attachments/0b/0b18516002239d2b9426a3910f9db50da45f2ca103bf4f075a00be2e18a38146.doc,application/msword,0b18516002239d2b9426a3910f9db50da45f2ca103bf4f075a00be2e18a38146,0b18516002239d2b9426a3910f9db50da45f2ca103bf4f075a00be2e18a38146,43520,archived,2026-07-23T04:08:29.955283+00:00
FILE_B35B7B15DB05B540809C,DOCVER_739C00668C7D158E3A8F,,data\raw\documents\2026\07\0048754700378d980a0a1decbaa6cc604a62059308c81aba7e331473de82237f.docx,raw/attachments/00/0048754700378d980a0a1decbaa6cc604a62059308c81aba7e331473de82237f.docx,application/vnd.openxmlformats-officedocument.wordprocessingml.document,0048754700378d980a0a1decbaa6cc604a62059308c81aba7e331473de82237f,0048754700378d980a0a1decbaa6cc604a62059308c81aba7e331473de82237f,219471,archived,2026-07-23T04:08:29.955283+00:00
FILE_FB44CAE6904A9277F63E,DOCVER_B0B5ED6335FF0DBEC084,,data\raw\documents\2026\07\a52afc9243f6c3ffb9623d6b4d84b52a943bc72e52673ac69b73a81c273ffc9b.docx,raw/attachments/a5/a52afc9243f6c3ffb9623d6b4d84b52a943bc72e52673ac69b73a81c273ffc9b.docx,application/vnd.openxmlformats-officedocument.wordprocessingml.document,a52afc9243f6c3ffb9623d6b4d84b52a943bc72e52673ac69b73a81c273ffc9b,a52afc9243f6c3ffb9623d6b4d84b52a943bc72e52673ac69b73a81c273ffc9b,17222,archived,2026-07-23T04:08:29.955283+00:00
FILE_73EDF3629986B663C34C,DOCVER_F72187C9CB7397DE48F5,,data\raw\webpages\2026\07\fb176ee5c801032d3d1df8d968f0d6283cef8c02d8a9ff8b0ec4379ef6e32e8b.html,raw/html/fb/fb176ee5c801032d3d1df8d968f0d6283cef8c02d8a9ff8b0ec4379ef6e32e8b.html,text/html; charset=utf-8,fb176ee5c801032d3d1df8d968f0d6283cef8c02d8a9ff8b0ec4379ef6e32e8b,fb176ee5c801032d3d1df8d968f0d6283cef8c02d8a9ff8b0ec4379ef6e32e8b,14025,archived,2026-07-23T04:08:29.955283+00:00
FILE_F0B412D05D6CD3A57120,DOCVER_3BA55F77FFCCC5342ECB,,data\raw\webpages\2026\07\6fb6c0f5ef473dc20d721212e399759fc61481304930831798b7c0140ad47464.html,raw/html/6f/6fb6c0f5ef473dc20d721212e399759fc61481304930831798b7c0140ad47464.html,text/html; charset=utf-8,6fb6c0f5ef473dc20d721212e399759fc61481304930831798b7c0140ad47464,6fb6c0f5ef473dc20d721212e399759fc61481304930831798b7c0140ad47464,17034,archived,2026-07-23T04:08:29.955283+00:00
FILE_4C5DDE96DF9A97B32386,DOCVER_A8FE7BE0843B3B4CDBC4,,data\raw\webpages\2026\07\0c158452b8650b343c1f7068b6e7fad2250f9fbfdf08755b95cb4916fd5717bc.html,raw/html/0c/0c158452b8650b343c1f7068b6e7fad2250f9fbfdf08755b95cb4916fd5717bc.html,text/html; charset=utf-8,0c158452b8650b343c1f7068b6e7fad2250f9fbfdf08755b95cb4916fd5717bc,0c158452b8650b343c1f7068b6e7fad2250f9fbfdf08755b95cb4916fd5717bc,20143,archived,2026-07-23T04:08:29.955283+00:00
FILE_1952E616750F99E0F310,DOCVER_FBABA65093CE3FEE3012,,data\raw\webpages\2026\07\cebd32e9c4c51c480233876a42061b5600f133260937d25210f02123fde83f41.html,raw/html/ce/cebd32e9c4c51c480233876a42061b5600f133260937d25210f02123fde83f41.html,text/html; charset=utf-8,cebd32e9c4c51c480233876a42061b5600f133260937d25210f02123fde83f41,cebd32e9c4c51c480233876a42061b5600f133260937d25210f02123fde83f41,15665,archived,2026-07-23T04:08:29.955283+00:00
FILE_5106213C0BB1CB207470,DOCVER_2D2FD4187FA8509D3BEC,,data\raw\webpages\2026\07\7bf7a584b1160d1b594a43bb2ad1f86ddd06b67fa03e3b93c06903e7d2ccae7c.html,raw/html/7b/7bf7a584b1160d1b594a43bb2ad1f86ddd06b67fa03e3b93c06903e7d2ccae7c.html,text/html; charset=utf-8,7bf7a584b1160d1b594a43bb2ad1f86ddd06b67fa03e3b93c06903e7d2ccae7c,7bf7a584b1160d1b594a43bb2ad1f86ddd06b67fa03e3b93c06903e7d2ccae7c,16603,archived,2026-07-23T04:08:29.955283+00:00
FILE_E7FEDDB7CF23E390347E,DOCVER_0E9CEE3ABA5A96F5AA21,,data\raw\webpages\2026\07\837855f0a0c419ef6ed8b839ae42441011a97edd1c40ee01bc6440483668fa9d.html,raw/html/83/837855f0a0c419ef6ed8b839ae42441011a97edd1c40ee01bc6440483668fa9d.html,text/html; charset=utf-8,837855f0a0c419ef6ed8b839ae42441011a97edd1c40ee01bc6440483668fa9d,837855f0a0c419ef6ed8b839ae42441011a97edd1c40ee01bc6440483668fa9d,18443,archived,2026-07-23T04:08:29.955283+00:00
FILE_0533B6E3311531F09971,DOCVER_45E0DDC4F7820F95B694,,data\raw\webpages\2026\07\69fa738cd71384e4e04903122fa8d9f89ab5e78c907eaf4e50ea84dbb6320fe2.html,raw/html/69/69fa738cd71384e4e04903122fa8d9f89ab5e78c907eaf4e50ea84dbb6320fe2.html,text/html; charset=utf-8,69fa738cd71384e4e04903122fa8d9f89ab5e78c907eaf4e50ea84dbb6320fe2,69fa738cd71384e4e04903122fa8d9f89ab5e78c907eaf4e50ea84dbb6320fe2,16628,archived,2026-07-23T04:08:29.955283+00:00
FILE_BAF123EC8F371763172F,DOCVER_4C66BB9D9E910098FF9A,,data\raw\webpages\2026\07\b1c6d4cf36cdd7770836d7e1818888704a6dcd68f56d69c63f27d575e2ee9a11.html,raw/html/b1/b1c6d4cf36cdd7770836d7e1818888704a6dcd68f56d69c63f27d575e2ee9a11.html,text/html; charset=utf-8,b1c6d4cf36cdd7770836d7e1818888704a6dcd68f56d69c63f27d575e2ee9a11,b1c6d4cf36cdd7770836d7e1818888704a6dcd68f56d69c63f27d575e2ee9a11,15045,archived,2026-07-23T04:08:29.955283+00:00
FILE_FB63744ECD0FC0609D59,DOCVER_A997E41F8B944F0A633A,,data\raw\webpages\2026\07\f23908a1070dd2f45307ccaf0f4cff1a2732c5fb77ae65b5fe2ba93cdd78dafa.html,raw/html/f2/f23908a1070dd2f45307ccaf0f4cff1a2732c5fb77ae65b5fe2ba93cdd78dafa.html,text/html; charset=utf-8,f23908a1070dd2f45307ccaf0f4cff1a2732c5fb77ae65b5fe2ba93cdd78dafa,f23908a1070dd2f45307ccaf0f4cff1a2732c5fb77ae65b5fe2ba93cdd78dafa,19276,archived,2026-07-23T04:08:29.955283+00:00
FILE_3C6DC158AA17D9FFEDF1,DOCVER_905991D52F4F7CD1F27A,,data\raw\webpages\2026\07\51cd46f40478eb3a96aaec59c2ed773392e89a2a0ae2409441c3fd5b832aab89.html,raw/html/51/51cd46f40478eb3a96aaec59c2ed773392e89a2a0ae2409441c3fd5b832aab89.html,text/html; charset=utf-8,51cd46f40478eb3a96aaec59c2ed773392e89a2a0ae2409441c3fd5b832aab89,51cd46f40478eb3a96aaec59c2ed773392e89a2a0ae2409441c3fd5b832aab89,15705,archived,2026-07-23T04:08:29.955283+00:00
FILE_F64CA7D1302FA73004AC,DOCVER_38ACC8EE94D0F7AC71C2,,data\raw\webpages\2026\07\b4921de907bbd33728ad2678d956efa4e5f8e4a42a938445f38248bdf55135a0.html,raw/html/b4/b4921de907bbd33728ad2678d956efa4e5f8e4a42a938445f38248bdf55135a0.html,text/html; charset=utf-8,b4921de907bbd33728ad2678d956efa4e5f8e4a42a938445f38248bdf55135a0,b4921de907bbd33728ad2678d956efa4e5f8e4a42a938445f38248bdf55135a0,16717,archived,2026-07-23T04:08:29.955283+00:00
FILE_9DE49B0898FC03B6A741,DOCVER_F9D10BC2751741DC901E,,data\raw\webpages\2026\07\59dc6f6acc33b03464ab5fa4d7b3a03bda0af1e20e09e1930db20db274e54af5.html,raw/html/59/59dc6f6acc33b03464ab5fa4d7b3a03bda0af1e20e09e1930db20db274e54af5.html,text/html; charset=utf-8,59dc6f6acc33b03464ab5fa4d7b3a03bda0af1e20e09e1930db20db274e54af5,59dc6f6acc33b03464ab5fa4d7b3a03bda0af1e20e09e1930db20db274e54af5,16923,archived,2026-07-23T04:08:29.955283+00:00
FILE_85E9E446CA4B288E63BA,DOCVER_61078A33EDF8BA3E8C5C,,data\raw\webpages\2026\07\c8105566c5f8acfd6d1faa3222a46dfef47d18bf47130c785fbc3f6760553e34.html,raw/html/c8/c8105566c5f8acfd6d1faa3222a46dfef47d18bf47130c785fbc3f6760553e34.html,text/html; charset=utf-8,c8105566c5f8acfd6d1faa3222a46dfef47d18bf47130c785fbc3f6760553e34,c8105566c5f8acfd6d1faa3222a46dfef47d18bf47130c785fbc3f6760553e34,16986,archived,2026-07-23T04:08:29.955283+00:00
FILE_A4DE3B20E7BFCEF13B94,DOCVER_43CFF01A7A5CE72E91B9,,data\raw\webpages\2026\07\c9c9a43b1105697ed50c58f88a8ddfd21051d50d495cc20612565dd4ef2ae4d3.html,raw/html/c9/c9c9a43b1105697ed50c58f88a8ddfd21051d50d495cc20612565dd4ef2ae4d3.html,text/html; charset=utf-8,c9c9a43b1105697ed50c58f88a8ddfd21051d50d495cc20612565dd4ef2ae4d3,c9c9a43b1105697ed50c58f88a8ddfd21051d50d495cc20612565dd4ef2ae4d3,16686,archived,2026-07-23T04:08:29.955283+00:00
FILE_D754B216E2CCD39A669C,DOCVER_48ED4D2BA3EEC4B63794,,data\raw\webpages\2026\07\22e923d38b602f33d697894f4e7759da1be2c144fbc09ce37b96fe488f130a49.html,raw/html/22/22e923d38b602f33d697894f4e7759da1be2c144fbc09ce37b96fe488f130a49.html,text/html; charset=utf-8,22e923d38b602f33d697894f4e7759da1be2c144fbc09ce37b96fe488f130a49,22e923d38b602f33d697894f4e7759da1be2c144fbc09ce37b96fe488f130a49,16650,archived,2026-07-23T04:08:29.955283+00:00
FILE_E70924A1E9EDC7251BB5,DOCVER_926A53511D6C6AB2872A,,data\raw\webpages\2026\07\3946c08bbbf21cf2ea42e38abd7e6d4a15188ce72fff43fd0dde3be9ffd79b1f.html,raw/html/39/3946c08bbbf21cf2ea42e38abd7e6d4a15188ce72fff43fd0dde3be9ffd79b1f.html,text/html; charset=utf-8,3946c08bbbf21cf2ea42e38abd7e6d4a15188ce72fff43fd0dde3be9ffd79b1f,3946c08bbbf21cf2ea42e38abd7e6d4a15188ce72fff43fd0dde3be9ffd79b1f,283,archived,2026-07-23T04:08:29.955283+00:00
FILE_061F822DD4D9536855AB,DOCVER_A01DDBD87C46970DB553,,data\raw\webpages\2026\07\9ef3d3248b6a4c2a9003e2f102c3a24e8d60aa540c0dc5aa5b08f3a8cf0e18e3.html,raw/html/9e/9ef3d3248b6a4c2a9003e2f102c3a24e8d60aa540c0dc5aa5b08f3a8cf0e18e3.html,text/html; charset=utf-8,9ef3d3248b6a4c2a9003e2f102c3a24e8d60aa540c0dc5aa5b08f3a8cf0e18e3,9ef3d3248b6a4c2a9003e2f102c3a24e8d60aa540c0dc5aa5b08f3a8cf0e18e3,16872,archived,2026-07-23T04:08:29.955283+00:00
FILE_6E8C4977466D7C9184B0,DOCVER_16780246B98484B12F6D,,data\raw\webpages\2026\07\2dbb5a6696622e6fab6aa5d376506f5dcc2d3e2e1aaf714be63f13a101137ffa.html,raw/html/2d/2dbb5a6696622e6fab6aa5d376506f5dcc2d3e2e1aaf714be63f13a101137ffa.html,text/html; charset=utf-8,2dbb5a6696622e6fab6aa5d376506f5dcc2d3e2e1aaf714be63f13a101137ffa,2dbb5a6696622e6fab6aa5d376506f5dcc2d3e2e1aaf714be63f13a101137ffa,32924,archived,2026-07-23T04:08:29.955283+00:00
FILE_9549C205B022C64365F5,DOCVER_80D06BCC22F87EF2928F,,data\raw\webpages\2026\07\ba29f7338668787a0e7a3acd541115b763650c7c77b378987533855e593d329e.html,raw/html/ba/ba29f7338668787a0e7a3acd541115b763650c7c77b378987533855e593d329e.html,text/html; charset=utf-8,ba29f7338668787a0e7a3acd541115b763650c7c77b378987533855e593d329e,ba29f7338668787a0e7a3acd541115b763650c7c77b378987533855e593d329e,20126,archived,2026-07-23T04:08:29.955283+00:00
FILE_8B3709B0DB3C5802F224,DOCVER_AC5DEAF88DD16C3240FE,,data\raw\webpages\2026\07\9c92413453cce545852519b35c26a45b90695a82eeba36525e59967efc207a79.html,raw/html/9c/9c92413453cce545852519b35c26a45b90695a82eeba36525e59967efc207a79.html,text/html; charset=utf-8,9c92413453cce545852519b35c26a45b90695a82eeba36525e59967efc207a79,9c92413453cce545852519b35c26a45b90695a82eeba36525e59967efc207a79,13336,archived,2026-07-23T04:08:29.955283+00:00
FILE_9D9434998960429B9420,DOCVER_EED99123C526A32458EC,,data\raw\documents\2026\07\e9e20723b2b6b2b27e5205198f776b656a2fa98e6669cc14f17e77fa4e98c156.pdf,raw/pdf/e9/e9e20723b2b6b2b27e5205198f776b656a2fa98e6669cc14f17e77fa4e98c156.pdf,application/pdf,e9e20723b2b6b2b27e5205198f776b656a2fa98e6669cc14f17e77fa4e98c156,e9e20723b2b6b2b27e5205198f776b656a2fa98e6669cc14f17e77fa4e98c156,257338,archived,2026-07-23T04:08:29.955283+00:00
FILE_1162EE017927A3372939,DOCVER_B1A8B602F5AC452E3CD3,,data\raw\webpages\2026\07\4304184b38a6fb24734abcad11eddc889bcf225b75d32d010b33972f0412a6cd.html,raw/html/43/4304184b38a6fb24734abcad11eddc889bcf225b75d32d010b33972f0412a6cd.html,text/html; charset=utf-8,4304184b38a6fb24734abcad11eddc889bcf225b75d32d010b33972f0412a6cd,4304184b38a6fb24734abcad11eddc889bcf225b75d32d010b33972f0412a6cd,132798,archived,2026-07-23T04:08:29.955283+00:00
FILE_D74F3E3CA1BCDBA9F0BB,DOCVER_68173CA28BDCEC7F5548,,data\raw\webpages\2026\07\7af339e17fea1ef1c475135c8663c40df6afe6f7933306f66452fb837e0b5b9b.html,raw/html/7a/7af339e17fea1ef1c475135c8663c40df6afe6f7933306f66452fb837e0b5b9b.html,text/html; charset=utf-8,7af339e17fea1ef1c475135c8663c40df6afe6f7933306f66452fb837e0b5b9b,7af339e17fea1ef1c475135c8663c40df6afe6f7933306f66452fb837e0b5b9b,20295,archived,2026-07-23T04:08:29.955283+00:00
FILE_D9C59354DEABD44E10C8,DOCVER_EBCEE5B39DD93769E991,,data\raw\webpages\2026\07\421fe481680f42adbe60e3643c6dcc39b93f3068dd70561dba1857c17243855c.html,raw/html/42/421fe481680f42adbe60e3643c6dcc39b93f3068dd70561dba1857c17243855c.html,text/html; charset=utf-8,421fe481680f42adbe60e3643c6dcc39b93f3068dd70561dba1857c17243855c,421fe481680f42adbe60e3643c6dcc39b93f3068dd70561dba1857c17243855c,13768,archived,2026-07-23T04:08:29.955283+00:00
FILE_DDD08C1224BE8FCBC99E,DOCVER_95998819378AD25C3192,,data\raw\documents\2026\07\db520593f7b9f52dcb1581448da04882020e2b299cb49771218d966f83c62e7a.pdf,raw/pdf/db/db520593f7b9f52dcb1581448da04882020e2b299cb49771218d966f83c62e7a.pdf,application/pdf,db520593f7b9f52dcb1581448da04882020e2b299cb49771218d966f83c62e7a,db520593f7b9f52dcb1581448da04882020e2b299cb49771218d966f83c62e7a,770197,archived,2026-07-23T04:08:29.955283+00:00
FILE_675E0FCE40786428F4B9,DOCVER_C94C163D3BC997B43376,,data\raw\webpages\2026\07\a59823747e09e8ea46b9ef88e3dcf2c83c71715177782b57f23a46e9aa93f20f.html,raw/html/a5/a59823747e09e8ea46b9ef88e3dcf2c83c71715177782b57f23a46e9aa93f20f.html,text/html; charset=utf-8,a59823747e09e8ea46b9ef88e3dcf2c83c71715177782b57f23a46e9aa93f20f,a59823747e09e8ea46b9ef88e3dcf2c83c71715177782b57f23a46e9aa93f20f,32221,archived,2026-07-23T04:08:29.955283+00:00
FILE_E93C095F0B7B8C10FBD2,DOCVER_600880B6E12CDF9FBF54,,data\raw\webpages\2026\07\0b6abb1fa760069dcb745f4dcbdb39516ace0743233e7b17757a070aa0eea5ca.html,raw/html/0b/0b6abb1fa760069dcb745f4dcbdb39516ace0743233e7b17757a070aa0eea5ca.html,text/html; charset=utf-8,0b6abb1fa760069dcb745f4dcbdb39516ace0743233e7b17757a070aa0eea5ca,0b6abb1fa760069dcb745f4dcbdb39516ace0743233e7b17757a070aa0eea5ca,15953,archived,2026-07-23T04:08:29.955283+00:00
FILE_624F7FFAF058101EDBFD,DOCVER_0F9FC0934C3BCE07A58C,,data\raw\webpages\2026\07\4b787d607541174022311e2dae5f87b3f2edc9276d6ae2cdd6d0aabc2d92c718.html,raw/html/4b/4b787d607541174022311e2dae5f87b3f2edc9276d6ae2cdd6d0aabc2d92c718.html,text/html; charset=utf-8,4b787d607541174022311e2dae5f87b3f2edc9276d6ae2cdd6d0aabc2d92c718,4b787d607541174022311e2dae5f87b3f2edc9276d6ae2cdd6d0aabc2d92c718,13558,archived,2026-07-23T04:08:29.955283+00:00
FILE_1B92715A6C3CA94E4D6E,DOCVER_D40F42AF3B050576A8D0,,data\raw\webpages\2026\07\682996c92c6e71e8c132cbde430b134f9591d615c608c19ed19e7344019c77d9.html,raw/html/68/682996c92c6e71e8c132cbde430b134f9591d615c608c19ed19e7344019c77d9.html,text/html; charset=utf-8,682996c92c6e71e8c132cbde430b134f9591d615c608c19ed19e7344019c77d9,682996c92c6e71e8c132cbde430b134f9591d615c608c19ed19e7344019c77d9,41145,archived,2026-07-23T04:08:29.955283+00:00
FILE_2FF45F884D794624B796,DOCVER_ABB5A8DBF61C04E50B92,,data\raw\documents\2026\07\64fbd75ec8b53419814c590e1c87cb2141f69a1fcbc561ba5fc43912c35455d8.doc,raw/attachments/64/64fbd75ec8b53419814c590e1c87cb2141f69a1fcbc561ba5fc43912c35455d8.doc,application/msword,64fbd75ec8b53419814c590e1c87cb2141f69a1fcbc561ba5fc43912c35455d8,64fbd75ec8b53419814c590e1c87cb2141f69a1fcbc561ba5fc43912c35455d8,25088,archived,2026-07-23T04:08:29.955283+00:00
FILE_60B2CC16F3F56BE3A48D,DOCVER_CD4A9EA461CC9FABE970,,data\raw\documents\2026\07\a7feae5bbef87b29d3b3048a89de269bbc28d1d40ab6788410bfe4ee61f19017.doc,raw/attachments/a7/a7feae5bbef87b29d3b3048a89de269bbc28d1d40ab6788410bfe4ee61f19017.doc,application/msword,a7feae5bbef87b29d3b3048a89de269bbc28d1d40ab6788410bfe4ee61f19017,a7feae5bbef87b29d3b3048a89de269bbc28d1d40ab6788410bfe4ee61f19017,22016,archived,2026-07-23T04:08:29.955283+00:00
FILE_6D996ABC00EE47F8C17A,DOCVER_3A1A6E16B774D5AE1E9C,,data\raw\documents\2026\07\57df7cc8f8bdf302d076c59300c9fd5687ea3223d69b48d46c64e10814768564.doc,raw/attachments/57/57df7cc8f8bdf302d076c59300c9fd5687ea3223d69b48d46c64e10814768564.doc,application/msword,57df7cc8f8bdf302d076c59300c9fd5687ea3223d69b48d46c64e10814768564,57df7cc8f8bdf302d076c59300c9fd5687ea3223d69b48d46c64e10814768564,24064,archived,2026-07-23T04:08:29.955283+00:00
FILE_10667FDD344A5F3BFE95,DOCVER_971DE639F2F598CCC592,,data\raw\webpages\2026\07\f2f2cf7e4b3bb0941ea0e00da96564e89f4c5aa6c79248e8421e7cfe46f27a82.html,raw/html/f2/f2f2cf7e4b3bb0941ea0e00da96564e89f4c5aa6c79248e8421e7cfe46f27a82.html,text/html; charset=utf-8,f2f2cf7e4b3bb0941ea0e00da96564e89f4c5aa6c79248e8421e7cfe46f27a82,f2f2cf7e4b3bb0941ea0e00da96564e89f4c5aa6c79248e8421e7cfe46f27a82,13444,archived,2026-07-23T04:08:29.955283+00:00
FILE_8FC21E69A990339E51D8,DOCVER_351526A7C1DCF1E570A1,,data\raw\documents\2026\07\b134aa35d2275cb4151dc78be81b3a920ddc01d34932ac910a0f6c22d739f8a7.pdf,raw/pdf/b1/b134aa35d2275cb4151dc78be81b3a920ddc01d34932ac910a0f6c22d739f8a7.pdf,application/pdf,b134aa35d2275cb4151dc78be81b3a920ddc01d34932ac910a0f6c22d739f8a7,b134aa35d2275cb4151dc78be81b3a920ddc01d34932ac910a0f6c22d739f8a7,329073,archived,2026-07-23T04:08:29.955283+00:00
FILE_F80F71B5A23EFF881C7E,DOCVER_D473B182EF6AD5F5E0E7,,data\raw\webpages\2026\07\b1d7b59345f95ef62b2daba0d3668379190c1dc51385cfa7e9eed04ddbf5c7bd.html,raw/html/b1/b1d7b59345f95ef62b2daba0d3668379190c1dc51385cfa7e9eed04ddbf5c7bd.html,text/html; charset=utf-8,b1d7b59345f95ef62b2daba0d3668379190c1dc51385cfa7e9eed04ddbf5c7bd,b1d7b59345f95ef62b2daba0d3668379190c1dc51385cfa7e9eed04ddbf5c7bd,16093,archived,2026-07-23T04:08:29.955283+00:00
